Expert ID,"Domain","Date","FS name",FS macro region
1,"Agricultural system expert","08-Feb-22","Agro-Pastoral Millet/Sorghum",SSA
1,"Agricultural system expert","08-Feb-22","Pastoral",SSA
2,"Impact chain researcher","03-May-22","Upland Intensive Mixed",EAP
2,"Impact chain researcher","07-Jun-22","Forest based Livestock ",LAC
2,"Impact chain researcher","3-May-22","Irrigated",LAC
2,"Impact chain researcher","18-Apr-22","Maize-beans (Mesoamerica)",LAC
2,"Impact chain researcher","25-Apr-22","Dryland mixed",MENA
2,"Impact chain researcher","25-Apr-22","Rice-Wheat",SA
2,"Impact chain researcher","24-May-22","Rice",SA
3,"Agricultural system expert","12-Nov-21","Maize Mixed ",SSA
4,"Impact chain researcher","25-05-2022","Temperate Mixed",EAP
4,"Impact chain researcher","25-05-2022","Coastal plantation and mixed ",LAC
4,"Impact chain researcher","05-Oct-22","Dryland mixed",LAC
4,"Impact chain researcher","25-05-2022","High Altitude Mixed (C. Andes)",LAC
4,"Impact chain researcher","25-05-2022","Rainfed Mixed",MENA
4,"Impact chain researcher","25-05-2022","Cereal-Root Crop Mixed",SSA
5,"Impact chain researcher","Mar-22","Lowland Rice",EAP
5,"Impact chain researcher","05-Aug-22","Agro-Pastoral Millet/Sorghum",SSA
5,"Impact chain researcher","27/5/22","Highland Mixed",SSA
5,"Impact chain researcher",,"Highland Perennial ",SSA
5,"Impact chain researcher","Jun-22","Maize Mixed ",SSA
5,"Impact chain researcher","15-07-22","Pastoral",SSA
5,"Impact chain researcher","17-Jun-22","Root Crop",SSA
6,"Agricultural system expert","03-Mar-22","Root Crop",SSA
7,"Agricultural system expert","08-Feb-22","Highland Perennial ",SSA