"Expert ID","FS name","FS macro region","Domain","Date"
"1","Agro-Pastoral Millet/Sorghum","SSA","Agricultural system expert","02-08-2022"
"1","Pastoral","SSA","Agricultural system expert","02-08-2022"
"2","Upland Intensive Mixed","EAP","Impact chain researcher","05-03-2022"
"2","Forest based Livestock","LAC","Impact chain researcher","06-07-2022"
"2","Irrigated","LAC","Impact chain researcher","05-03-2022"
"2","Maize-beans (Mesoamerica)","LAC","Impact chain researcher","04-18-2022"
"2","Dryland mixed","MENA","Impact chain researcher","05-25-2022"
"2","Rice-Wheat","SA","Impact chain researcher","05-25-2022"
"2","Rice","SA","Impact chain researcher","05-24-2022"
"3","Maize Mixed","SSA","Agricultural system expert","11-12-2022"
"4","Temperate Mixed","EAP","Impact chain researcher","05-25-2022"
"4","Coastal plantation and mixed","LAC","Impact chain researcher","05-25-2022"
"4","Dryland mixed","LAC","Impact chain researcher","10-05-2022"
"4","High Altitude Mixed (C. Andes)","LAC","Impact chain researcher","05-25-2022"
"4","Rainfed Mixed","MENA","Impact chain researcher","05-25-2022"
"4","Cereal-Root Crop Mixed","SSA","Impact chain researcher","05-25-2022"
"5","Lowland Rice","EAP","Impact chain researcher","03-01-2022"
"5","Agro-Pastoral Millet/Sorghum","SSA","Impact chain researcher","08-05-2022"
"5","Highland Mixed","SSA","Impact chain researcher","05-27-2022"
"5","Highland Perennial","SSA","Impact chain researcher",
"5","Maize Mixed","SSA","Impact chain researcher","06-01-2022"
"5","Pastoral","SSA","Impact chain researcher","07-15-2022"
"5","Root Crop","SSA","Impact chain researcher","06-17-2022"
"6","Root Crop","SSA","Agricultural system expert","03-03-2022"
"7","Highland Perennial","SSA","Agricultural system expert","02-08-2022"