"ID","Citation","Year","Number"
"1","Cramb et al.","2015","1"
"2","Akam and Gruere","2018","1"
"2","CCAFS","2016","1"
"2","Cramb et al.","2015","1"
"2","Le Toan et al.","2021","1"
"2","Smajgl et al.","2015","1"
"3","CCAFS","2016","1"
"3","Dinh and Dang","2022","1"
"3","Lee and Dang","2019","1"
"3","Le Toan et al.","2021","1"
"4","CCAFS","2016","1"
"4","Le Toan et al.","2021","1"
"5","Dinh and Dang","2022","1"
"5","Le Toan et al.","2021","1"
"6","CCAFS","2016","1"
"6","Claudia and Renaud","2012","1"
"6","Le Toan et al.","2021","1"
"6","Smajgl et al.","2015","1"
"6","Yen et al.","2019","1"
"7","Le Toan et al.","2021","1"
"8","Claudia and Renaud","2012","1"
"8","Cramb et al.","2015","1"
"8","Ling et al.","2015","1"
"8","Le Toan et al.","2021","1"
"8","Yen et al.","2019","1"
"9","Akam and Gruere","2018","1"
"9","CCAFS","2016","1"
"9","Le Toan et al.","2021","1"
"10","CCAFS","2016","1"
"10","Cramb et al.","2015","1"
"10","Le Toan et al.","2021","1"
"10","Yen et al.","2019","1"
"19","Akam and Gruere","2018","1"
"20","Akam and Gruere","2018","1"
"20","CCAFS","2016","1"
"20","OXFAM","2016","1"
"20","Smajgl et al.","2015","1"
"20","Le Toan et al.","2021","1"
"21","Yen et al.","2019","1"
"21","OXFAM","2016","1"
"21","CCAFS","2016","1"
"21","Akam and Gruere","2018","1"
"22","CCAFS","2016","1"
"22","Dinh and Dang","2022","1"
"22","OXFAM","2016","1"
"23","CCAFS","2016","1"
"23","Chapman and Darby","2016","1"
"24","Le Toan et al.","2021","1"
"25","Dixon et al.","2001","1"
"27","Baird et al.","2021","1"
"27","CCAFS","2016","1"
"27","Le Toan et al.","2021","1"
"27","Yen et al.","2019","1"
"28","CCAFS","2016","1"
"29","Yen et al.","2019","1"
"30","CCAFS","2016","1"
"31","OXFAM","2016","1"
"32","OXFAM","2016","1"
"33","Dixon et al.","2001","1"
"34","Chapman and Darby","2016","1"
"34","Claudia and Renaud","2012","1"
"34","Dixon et al.","2001","1"
"34","Le Toan et al.","2021","1"
"35","CCAFS","2016","1"
"35","Yen et al.","2019","1"
"36","Akam and Gruere","2018","1"
"36","CCAFS","2016","1"
"36","Dixon et al.","2001","1"
"37","Akam and Gruere","2018","1"
"37","CCAFS","2016","1"
"37","Dixon et al.","2001","1"
"41","Dixon et al.","2001","1"
"42","CCAFS","2016","1"
"42","Chapman and Darby","2016","1"
"43","Chapman and Darby","2016","1"
"43","Ling et al.","2015","1"
"44","CCAFS","2016","1"
"45","CCAFS","2016","1"
"45","Cramb et al.","2015","1"
"45","Le Toan et al.","2021","1"
"45","Yen et al.","2019","1"
"46","CCAFS","2016","1"
"46","Claudia and Renaud","2012","1"
"47","CCAFS","2016","1"
"48","CCAFS","2016","1"
"49","CCAFS","2016","1"
"49","Cramb et al.","2015","1"
"49","Nguyen et al.","2017","1"
"49","Tran et al.","2019","1"
"50","CCAFS","2016","1"
"50","Cramb et al.","2015","1"
"50","Nguyen et al.","2017","1"
"50","Tran et al.","2019","1"
"51","CCAFS","2016","1"
"51","Cramb et al.","2015","1"
"51","Dixon et al.","2001","1"
"53","CCAFS","2016","1"
"53","Chapman and Darby","2016","1"
"54","CCAFS","2016","1"
"54","Claudia and Renaud","2012","1"
"55","CCAFS","2016","1"
"56","CCAFS","2016","1"
"56","Claudia and Renaud","2012","1"
"56","Le Toan et al.","2021","1"
"57","CCAFS","2016","1"
"57","Dixon et al.","2001","1"
"58","Yen et al.","2019","1"
"59","Yen et al.","2019","1"
"60","Yen et al.","2019","1"
"63","OXFAM","2016","1"
"63","Yen et al.","2019","1"
"64","CCAFS","2016","1"
"64","OXFAM","2016","1"
"65","Dixon et al.","2001","1"
"65","OXFAM","2016","1"
"66","Dixon et al.","2001","7"
"68","Dixon et al.","2001","7"
"69","Finlayson et al.","2019","1"
"70","Finlayson et al.","2019","1"
"71","WMO","2021","2"
"72","Zahedi et al.","2020","1"
"73","ICRC","2021","1"
"75","Dixon et al.","2001","7"
"76","Dixon et al.","2001","7"
"77","Dixon et al.","2001","7"
"78","Dixon et al.","2001","7"
"79","Nithin Coca","2020","1"
"80","WMO","2021","2"
"85","Dixon et al.","2001","7"
"91","Dixon et al.","2001","7"
"92","Dixon et al.","2001","7"
"93","Dixon et al.","2001","7"
"94","World Bank","2021","2"
"94","Dixon et al.","2001","7"
"95","Dixon et al.","2001","7"
"99","Bauer","2008","1"
"99","IFAD","2011","2"
"99","Thapa and Gaiha","2011","1"
"100","Gautam et al.","2013","1"
"101","Godde et al.","2021","2"
"101","Godoy","2021","1"
"102","Devendra","2012","2"
"103","Anbumozhi et al.","2012","1"
"104","Juswanto and Zulfiqar","2016","1"
"105","Mubarik et al.","2005","1"
"106","ESCAP","2018","1"
"107","UNCTAD","2013","1"
"109","Thapa and Hessel","2016","1"
"110","Bauer","2008","1"
"110","IFAD","2011","2"
"110","Thapa and Gaiha","2011","1"
"111","Devendra","2012","2"
"112","ADB","2008","1"
"115","Wang et al.","2019","1"
"116","Brescian et al.","2019","1"
"117","Abiad et al.","2020","1"
"120","Finlayson et al.","2019","1"
"121","Roy and Basu","2020","1"
"122","ADB","2012","1"
"123","Rajalahti","2021","1"
"123","Resurreccion et al.","2008","1"
"124","FAO","2017","1"
"126","Brescian et al.","2019","1"
"127","Brescian et al.","2019","1"
"133","IFAD","2017","1"
"134","ESCAP","2020","1"
"137","Rajalahti","2021","1"
"137","Resurreccion et al.","2008","1"
"138","UNEP","2021","1"
"139","USAID","2021","1"
"140","IFAD","2022","1"
"141","IFAD","2022","1"
"142","Brescian et al.","2019","1"
"146","FAO and UNICEF EAPRO","2021","2"
"147","Yadav et al.","2011","1"
"148","IFAD","2011","2"
"148","Thapa and Gaiha","2011","1"
"149","ASEAN","2021","1"
"149","Bell and Taylor","2015","1"
"149","Carandang","2010","1"
"149","Hellin et al.","2020","1"
"149","IPCC","2022","2"
"149","Landicho et al.","2019","1"
"150","ASEAN","2021","1"
"150","Bell and Taylor","2015","1"
"150","Hellin et al.","2020","1"
"150","IPCC","2022","2"
"151","ASEAN","2021","1"
"151","Bell and Taylor","2015","1"
"151","Carandang","2010","1"
"151","FAO","2018","1"
"151","Hellin et al.","2020","1"
"151","IPCC","2022","2"
"151","Landicho et al.","2019","1"
"152","Bell and Taylor","2015","1"
"152","FAO","2018","1"
"153","Bell and Taylor","2015","1"
"154","Bell and Taylor","2015","1"
"155","ASEAN","2021","1"
"156","ASEAN","2021","1"
"156","FAO","2018","1"
"156","IPCC","2022","2"
"156","Pipitpukdee et al.","2020","1"
"157","ASEAN","2021","1"
"157","FAO","2018","1"
"157","Pipitpukdee et al.","2020","1"
"158","Mar et al.","2018","1"
"159","ASEAN","2021","1"
"160","ASEAN","2021","1"
"160","IPCC","2022","2"
"161","Carandang","2010","1"
"161","Diana et al.","2022","1"
"161","Landicho et al.","2019","1"
"162","Schreinemachers et al.","2013","1"
"163","Bell and Taylor","2015","1"
"163","Mar et al.","2018","1"
"164","Bell and Taylor","2015","1"
"164","Mar et al.","2018","1"
"165","Stuecker et al.","2018","1"
"166","Bell and Taylor","2015","1"
"166","Taylor et al.","2016","1"
"167","ASEAN","2021","1"
"167","Dixon et al.","2001","2"
"167","IPCC","2022","2"
"168","Olsson et al.","2019","1"
"169","Mar et al.","2018","1"
"170","Dixon et al.","2001","2"
"172","ASEAN","2021","1"
"173","Mar et al.","2018","1"
"173","Stuecker et al.","2018","1"
"174","Taylor et al.","2016","1"
"175","Dixon et al.","2001","2"
"175","Schreinemachers et al.","2013","1"
"176","Dixon et al.","2001","2"
"176","Stuecker et al.","2018","1"
"177","Dixon et al.","2001","2"
"177","Stuecker et al.","2018","1"
"178","Bell and Taylor","2015","1"
"178","Diana et al.","2022","1"
"178","Dixon et al.","2001","2"
"179","FAO","2018","1"
"179","Hepp et al.","2019","1"
"179","Schreinemachers et al.","2013","1"
"180","ASEAN","2021","1"
"180","Hiwasaki et al.","2016","1"
"180","Oxfam","2019","1"
"181","Dixon et al.","2001","2"
"181","Schreinemachers et al.","2013","1"
"182","Oxfam","2019","1"
"183","Diana et al.","2022","1"
"183","Dixon et al.","2001","2"
"183","Oxfam","2019","1"
"183","Schreinemachers et al.","2013","1"
"184","ASEAN","2021","1"
"184","Carandang","2010","1"
"184","Diana et al.","2022","1"
"184","Landicho et al.","2019","1"
"184","Mar et al.","2018","1"
"185","FAO","2018","1"
"186","ASEAN","2021","1"
"186","Dixon et al.","2001","2"
"186","Schreinemachers et al.","2013","1"
"187","ASEAN","2021","1"
"188","FAO","2018","1"
"188","Hepp et al.","2019","1"
"188","Schreinemachers et al.","2013","1"
"190","Korres et al.","2017","1"
"191","Bell and Taylor","2015","1"
"191","FAO","2018","1"
"192","Bell and Taylor","2015","1"
"192","Carandang","2010","1"
"192","Landicho et al.","2019","1"
"192","Oxfam","2019","1"
"193","Diana et al.","2022","1"
"193","Oxfam","2019","1"
"194","Diana et al.","2022","1"
"194","Hepp et al.","2019","1"
"194","Stuecker et al.","2018","1"
"195","Diana et al.","2022","1"
"195","Dixon et al.","2001","2"
"196","ASEAN","2021","1"
"196","Dixon et al.","2001","2"
"196","Schreinemachers et al.","2013","1"
"197","Dixon et al.","2001","2"
"198","Dixon et al.","2001","2"
"198","FAO","2018","1"
"198","Hepp et al.","2019","1"
"199","Bell and Taylor","2015","1"
"199","Diana et al.","2022","1"
"199","Dixon et al.","2001","2"
"201","ASEAN","2021","1"
"201","Dixon et al.","2001","2"
"201","Schreinemachers et al.","2013","1"
"202","Dixon et al.","2001","2"
"203","Dixon et al.","2001","2"
"203","Hepp et al.","2019","1"
"204","Dixon et al.","2001","2"
"205","Diana et al.","2022","1"
"206","Diana et al.","2022","1"
"206","Dixon et al.","2001","2"
"207","Carandang","2010","1"
"207","Dixon et al.","2001","2"
"207","Landicho et al.","2019","1"
"208","Carandang","2010","1"
"208","Landicho et al.","2019","1"
"209","Carandang","2010","1"
"209","Dixon et al.","2001","2"
"209","Landicho et al.","2019","1"
"209","Mar et al.","2018","1"
"209","Pipitpukdee et al.","2020","1"
"210","Hellin et al.","2020","1"
"210","Taylor et al.","2016","1"
"211","Akter","2021","1"
"211","Mar et al.","2018","1"
"211","Oxfam","2019","1"
"212","Carandang","2010","1"
"212","Dixon et al.","2001","2"
"212","Hepp et al.","2019","1"
"212","Landicho et al.","2019","1"
"213","Carandang","2010","1"
"213","Dixon et al.","2001","2"
"213","Landicho et al.","2019","1"
"213","Schreinemachers et al.","2013","1"
"214","Carandang","2010","1"
"214","Dixon et al.","2001","2"
"214","Landicho et al.","2019","1"
"218","Reda et al.","2015","1"
"219","Carandang","2010","1"
"219","Diana et al.","2022","1"
"219","Landicho et al.","2019","1"
"220","Carandang","2010","1"
"220","Diana et al.","2022","1"
"220","Landicho et al.","2019","1"
"220","Mar et al.","2018","1"
"220","Schreinemachers et al.","2013","1"
"221","Diana et al.","2022","1"
"222","Carandang","2010","1"
"222","Landicho et al.","2019","1"
"223","Reda et al.","2015","1"
"225","Dixon et al.","2001","2"
"226","Dixon et al.","2001","2"
"226","Mar et al.","2018","1"
"229","Mar et al.","2018","1"
"229","Pipitpukdee et al.","2020","1"
"231","ASEAN","2021","1"
"231","Dixon et al.","2001","2"
"231","Schreinemachers et al.","2013","1"
"232","Carandang","2010","1"
"232","Dixon et al.","2001","2"
"232","Landicho et al.","2019","1"
"232","Stuecker et al.","2018","1"
"233","Rios et al.","2021","1"
"233","World Meteorological Organization (WMO)","2021","1"
"234","World Meteorological Organization (WMO)","2020","1"
"234","World Meteorological Organization (WMO)","2021","1"
"235","CEPAL","2012","1"
"235","Iris and Hazel","2017","1"
"235","Monnereau and Oxenford","2017","1"
"236","World Meteorological Organization (WMO)","2020","1"
"236","World Meteorological Organization (WMO)","2021","1"
"237","Polade et al.","2014","1"
"237","World Meteorological Organization (WMO)","2021","1"
"238","World Meteorological Organization (WMO)","2020","1"
"238","World Meteorological Organization (WMO)","2021","1"
"239","Iris and Hazel","2017","1"
"239","Monnereau and Oxenford","2017","1"
"240","World Meteorological Organization (WMO)","2020","1"
"241","Antonio","2018","1"
"242","Vergara et al.","2014","1"
"243","Onil et al.","2021","1"
"243","Dixon et al.","2001","5"
"243","World Meteorological Organization (WMO)","2021","1"
"244","Iris and Hazel","2017","1"
"244","Vergara et al.","2014","1"
"245","Iris and Hazel","2017","1"
"246","Antonio","2018","1"
"247","IICA","2017","1"
"248","World Meteorological Organization (WMO)","2021","1"
"249","Dixon et al.","2001","5"
"249","Iris and Hazel","2017","1"
"249","Vergara et al.","2014","1"
"251","World Meteorological Organization (WMO)","2021","1"
"255","Antonio","2018","1"
"255","World Meteorological Organization (WMO)","2021","1"
"256","Antonio","2018","1"
"256","Dixon et al.","2001","5"
"257","Antonio","2018","1"
"258","Antonio","2018","1"
"258","World Meteorological Organization (WMO)","2021","1"
"259","Antonio","2018","1"
"259","Dixon et al.","2001","5"
"260","Antonio","2018","1"
"261","Onil et al.","2021","1"
"262","Onil et al.","2021","1"
"262","Dixon et al.","2001","5"
"263","UN","2020","1"
"265","Dixon et al.","2001","5"
"267","Dixon et al.","2001","5"
"268","Onil et al.","2021","1"
"268","IDB","2021","1"
"269","Onil et al.","2021","1"
"269","Dixon et al.","2001","5"
"269","Mapplecroft","2014","1"
"270","Mapplecroft","2014","1"
"271","Mapplecroft","2014","1"
"272","IICA","2017","1"
"272","Thierfelder","2021","1"
"272","USAID","2016","1"
"272","Verhage et al.","2018","1"
"272","World Bank","2021","3"
"274","Antonio","2018","1"
"274","Onil et al.","2021","1"
"275","IFAD","2021","1"
"275","World Bank","2020","2"
"276","IMF","2017","1"
"277","Dixon et al.","2001","5"
"277","USDA","2021","1"
"278","IICA","2017","1"
"279","Dixon et al.","2001","5"
"279","Fernando","2006","1"
"280","DI Rodríguez et al.","2016","1"
"280","Dixon et al.","2001","5"
"281","Onil et al.","2021","1"
"281","Dixon et al.","2001","5"
"281","Mapplecroft","2014","1"
"282","IICA","2017","1"
"283","IICA","2017","1"
"283","Thierfelder","2021","1"
"283","USAID","2016","1"
"283","Verhage et al.","2018","1"
"283","World Bank","2021","3"
"284","Mapplecroft","2014","1"
"285","Mapplecroft","2014","1"
"286","UNDP","2010","1"
"287","World Meteorological Organization (WMO)","2021","1"
"289","Akhmouch","2012","1"
"289","UNDP","2010","1"
"290","UNDP","2010","1"
"291","Dixon et al.","2001","5"
"291","Feld and Galiani","2015","1"
"292","Sperrati et al.","2015","1"
"293","CIMMYT","2013","1"
"293","Dixon et al.","2001","5"
"293","Feld and Galiani","2015","1"
"294","Dixon et al.","2001","5"
"294","Feld and Galiani","2015","1"
"295","UNDP","2010","1"
"296","Feld and Galiani","2015","1"
"297","World Bank","2015","1"
"298","Sperrati et al.","2015","1"
"299","UNDP","2010","1"
"300","CIMMYT","2013","1"
"300","Dixon et al.","2001","5"
"300","Feld and Galiani","2015","1"
"301","WFP","2021","1"
"302","Dixon et al.","2001","5"
"305","Jorisch et al.","2018","1"
"305","UNEP","2010","1"
"307","Feld and Galiani","2015","1"
"309","Feld and Galiani","2015","1"
"309","UNEP","2010","1"
"311","Dixon et al.","2001","5"
"311","Feld and Galiani","2015","1"
"314","Onil et al.","2021","1"
"314","Dixon et al.","2001","5"
"314","World Meteorological Organization (WMO)","2021","1"
"315","Dixon et al.","2001","5"
"316","Dixon et al.","2001","5"
"420","Maeda et al.","2020","1"
"420","Marengo et al.","2018","1"
"421","IPCC","2022","2"
"421","Marengo et al.","2018","1"
"421","USAID","2018","1"
"422","IPCC","2022","2"
"422","Marengo et al.","2018","1"
"422","USAID","2018","1"
"423","IPCC","2022","2"
"423","USAID","2018","1"
"424","IPCC","2022","2"
"425","IPCC","2022","2"
"425","Marengo et al.","2018","1"
"425","USAID","2018","1"
"426","IPCC","2022","2"
"426","Marengo et al.","2018","1"
"426","Ministry of Agriculture, Livestock and Food Supply","2021","1"
"426","USAID","2018","1"
"427","USAID","2018","1"
"428","USAID","2018","1"
"428","WWF","2007","1"
"429","USAID","2018","1"
"430","Tapasco et al.","2019","1"
"430","USAID","2018","1"
"431","IPCC","2022","2"
"431","Marengo et al.","2018","1"
"431","Pivello et al.","2021","1"
"431","USAID","2018","1"
"432","IPCC","2022","2"
"432","Marengo et al.","2018","1"
"432","Pivello et al.","2021","1"
"432","USAID","2018","1"
"433","USAID","2018","1"
"433","WWF","2007","1"
"434","Tapasco et al.","2019","1"
"434","USAID","2018","1"
"435","USAID","2018","1"
"436","Tapasco et al.","2019","1"
"436","USAID","2018","1"
"437","Olsson et al.","2019","1"
"437","Silva et al.","2022","1"
"438","USAID","2018","1"
"439","WWF","2007","1"
"440","López-Carr","2021","1"
"440","Marengo et al.","2018","1"
"440","Marquardt et al.","2019","1"
"440","Tapasco et al.","2019","1"
"441","Gardner et al.","2014","1"
"441","USAID","2018","1"
"442","López-Carr","2021","1"
"442","Marengo et al.","2018","1"
"442","Marquardt et al.","2019","1"
"442","Tapasco et al.","2019","1"
"443","Gardner et al.","2014","1"
"444","Sellers and Bilsborrow","2020","1"
"445","de Andrade et al.","2017","1"
"445","Gardner et al.","2014","1"
"446","Marquardt et al.","2019","1"
"446","Nobre et al.","2021","1"
"446","Skidmore et al.","2021","1"
"447","Marquardt et al.","2019","1"
"447","Nobre et al.","2021","1"
"447","Skidmore et al.","2021","1"
"447","Tapasco et al.","2019","1"
"448","Marengo et al.","2018","1"
"448","Marquardt et al.","2019","1"
"448","Tapasco et al.","2019","1"
"449","Tapasco et al.","2019","1"
"450","Ravikumar et al.","2016","1"
"451","Tapasco et al.","2019","1"
"452","Nobre et al.","2021","1"
"452","Tapasco et al.","2019","1"
"453","Armenteras et al.","2021","1"
"453","Cohn et al.","2013","1"
"453","FAO","2019","2"
"453","Garrett et al.","2017","1"
"453","López-Carr","2021","1"
"453","Marengo et al.","2018","1"
"454","USAID","2018","1"
"455","Armenteras et al.","2021","1"
"455","Marengo et al.","2018","1"
"455","Pivello et al.","2021","1"
"456","Gardner et al.","2014","1"
"457","Ravikumar et al.","2016","1"
"457","Skidmore et al.","2021","1"
"457","Tapasco et al.","2019","1"
"458","Tapasco et al.","2019","1"
"459","Gardner et al.","2014","1"
"460","Maeda et al.","2020","1"
"460","Ministry of Agriculture, Livestock and Food Supply","2021","1"
"460","Nobre et al.","2021","1"
"461","Maeda et al.","2020","1"
"461","Marquardt et al.","2019","1"
"461","Ministry of Agriculture, Livestock and Food Supply","2021","1"
"461","Nobre et al.","2021","1"
"461","Tapasco et al.","2019","1"
"462","Garrett et al.","2017","1"
"463","Ravikumar et al.","2016","1"
"463","Skidmore et al.","2021","1"
"464","Skidmore et al.","2021","1"
"464","Tapasco et al.","2019","1"
"465","Gardner et al.","2014","1"
"465","Ravikumar et al.","2016","1"
"466","Maeda et al.","2020","1"
"466","Ravikumar et al.","2016","1"
"467","Maeda et al.","2020","1"
"467","Marquardt et al.","2019","1"
"467","Nobre et al.","2021","1"
"467","Ravikumar et al.","2016","1"
"468","Marquardt et al.","2019","1"
"468","Tapasco et al.","2019","1"
"470","Nobre et al.","2021","1"
"470","Tapasco et al.","2019","1"
"471","Nobre et al.","2021","1"
"471","Skidmore et al.","2021","1"
"472","Gardner et al.","2014","1"
"472","Nobre et al.","2021","1"
"474","USAID","2018","1"
"476","Fiebig-Wittmaack et al.","2011","1"
"477","Stäubli et al.","2018","1"
"478","Redhum","2016","1"
"479","Fiebig-Wittmaack et al.","2011","1"
"479","World Bank","2014","2"
"480","Redhum","2016","1"
"481","Stäubli et al.","2018","1"
"481","USAID","2017","1"
"481","World Bank","2014","2"
"482","USAID","2017","1"
"483","Bergmann et al.","2021","1"
"483","USAID","2017","1"
"484","Chávez and Takahashi","2017","1"
"484","Sulca et al.","2018","1"
"487","Fiebig-Wittmaack et al.","2011","1"
"487","USAID","2017","1"
"488","Fiebig-Wittmaack et al.","2011","1"
"488","USAID","2017","1"
"489","ThinkHazard","2021","1"
"490","World Bank","2014","2"
"491","World Bank","2014","2"
"492","USAID","2017","1"
"493","USAID","2017","1"
"494","Chávez and Takahashi","2017","1"
"494","Sulca et al.","2018","1"
"505","Fiebig-Wittmaack et al.","2011","1"
"505","Stäubli et al.","2018","1"
"505","USAID","2017","1"
"506","Fiebig-Wittmaack et al.","2011","1"
"506","Stäubli et al.","2018","1"
"506","USAID","2017","1"
"507","Fiebig-Wittmaack et al.","2011","1"
"507","Stäubli et al.","2018","1"
"507","USAID","2017","1"
"508","Fiebig-Wittmaack et al.","2011","1"
"508","Stäubli et al.","2018","1"
"508","USAID","2017","1"
"514","World Bank","2014","2"
"515","Bergmann et al.","2021","1"
"515","World Bank","2014","2"
"516","USAID","2017","1"
"517","USAID","2017","1"
"518","USAID","2017","1"
"519","Bergmann et al.","2021","1"
"519","SINAGERD et al.","2014","1"
"520","Bergmann et al.","2021","1"
"520","SINAGERD et al.","2014","1"
"521","Bergmann et al.","2021","1"
"521","SINAGERD et al.","2014","1"
"522","USAID","2017","1"
"523","Almeida","2015","1"
"525","USAID","2017","1"
"525","World Bank","2014","2"
"527","Bergmann et al.","2021","1"
"527","SINAGERD et al.","2014","1"
"528","Bergmann et al.","2021","1"
"528","SINAGERD et al.","2014","1"
"529","Bergmann et al.","2021","1"
"530","Bergmann et al.","2021","1"
"530","World Bank","2014","2"
"531","UNDP","2018","1"
"536","Fiebig-Wittmaack et al.","2011","1"
"537","USAID","2017","1"
"538","USAID","2017","1"
"539","Bergmann et al.","2021","1"
"540","Schoolmeester et al.","2016","1"
"547","Schoolmeester et al.","2016","1"
"548","Schoolmeester et al.","2016","1"
"549","Schoolmeester et al.","2016","1"
"550","Schoolmeester et al.","2016","1"
"550","SINAGERD et al.","2014","1"
"551","Schoolmeester et al.","2016","1"
"558","Bergmann et al.","2021","1"
"558","USAID","2017","1"
"559","Bergmann et al.","2021","1"
"559","Mächtle","2016","1"
"561","Prager et al.","2020","1"
"562","Ochoa-Noriega","2020","1"
"562","Peña-Guerrero et al.","2020","1"
"562","Prager et al.","2020","1"
"563","Hagen et al.","2022","2"
"563","Ochoa-Noriega","2020","1"
"563","Peña-Guerrero et al.","2020","1"
"563","Prager et al.","2020","1"
"563","Rivera et al.","2021","1"
"564","Hagen et al.","2022","2"
"564","World Bank","2021","4"
"565","Prager et al.","2020","1"
"566","Hagen et al.","2022","2"
"567","Donoso","2021","1"
"567","Hagen et al.","2022","2"
"567","Rivera et al.","2021","1"
"568","Donoso","2021","1"
"568","Prager et al.","2020","1"
"569","Prager et al.","2020","1"
"570","Prager et al.","2020","1"
"571","Prager et al.","2020","1"
"572","Bohn et al.","2018","1"
"572","Mendoza-Espinosa and Daesslé","2018","1"
"573","Bohn et al.","2018","1"
"573","Mendoza-Espinosa and Daesslé","2018","1"
"573","Ochoa-Noriega","2020","1"
"574","Lambrano et al.","2020","1"
"574","Prager et al.","2020","1"
"575","Zazueta-Gutiérrez et al.","2021","1"
"576","Godde et al.","2021","2"
"576","Godoy","2021","1"
"577","Godde et al.","2021","2"
"577","Godoy","2021","1"
"578","Olsson et al.","2019","1"
"579","Bohn et al.","2018","1"
"579","Donoso","2021","1"
"580","Dixon et al.","2001","5"
"580","Donoso","2021","1"
"580","Lambrano et al.","2020","1"
"580","Ochoa-Noriega","2020","1"
"581","Lambrano et al.","2020","1"
"583","Bohn et al.","2018","1"
"583","Donoso","2021","1"
"584","Donoso","2021","1"
"584","Prager et al.","2020","1"
"585","Onil et al.","2021","2"
"586","FAO","2015","1"
"587","World Bank et al.","2014","1"
"588","Baron and Govaerts","2021","1"
"588","Cerrato et al.","2022","1"
"589","Donoso","2021","1"
"590","Baron and Govaerts","2021","1"
"591","Lambrano et al.","2020","1"
"591","Rivera et al.","2021","1"
"592","Cerrato et al.","2022","1"
"592","World Bank et al.","2014","1"
"593","Jordan and Speelman","2020","1"
"593","World Bank et al.","2014","1"
"594","Bohn et al.","2018","1"
"594","Dixon et al.","2001","5"
"594","Donoso","2021","1"
"594","Jordan and Speelman","2020","1"
"594","Lambrano et al.","2020","1"
"594","Ochoa-Noriega","2020","1"
"594","Portugal","2020","1"
"594","Rivera et al.","2021","1"
"594","World Bank","2021","4"
"595","Feld and Galiani","2015","2"
"595","Jordan and Speelman","2020","1"
"596","Hutchinson et al.","2013","1"
"597","World Bank et al.","2014","1"
"598","Lambrano et al.","2020","1"
"598","Ochoa-Noriega","2020","1"
"598","Portugal","2020","1"
"599","Lambrano et al.","2020","1"
"599","World Bank et al.","2014","1"
"600","Ochoa-Noriega","2020","1"
"600","Peña-Guerrero et al.","2020","1"
"600","World Bank et al.","2014","1"
"601","Jordan and Speelman","2020","1"
"601","Lambrano et al.","2020","1"
"601","Meza et al.","2012","1"
"602","Hutchinson et al.","2013","1"
"602","Lambrano et al.","2020","1"
"603","Lambrano et al.","2020","1"
"603","Prager et al.","2020","1"
"603","World Bank et al.","2014","1"
"603","Zazueta-Gutiérrez et al.","2021","1"
"604","Lambrano et al.","2020","1"
"605","Donoso","2021","1"
"606","Salmoral et al.","2020","1"
"607","Cerrato et al.","2022","1"
"607","World Bank et al.","2014","1"
"608","Donoso","2021","1"
"609","Tiwari and Dinar","2001","1"
"610","Prager et al.","2020","1"
"611","Rivera et al.","2021","1"
"612","Jordan and Speelman","2020","1"
"612","Lambrano et al.","2020","1"
"612","World Bank et al.","2014","1"
"614","Baron and Govaerts","2021","1"
"615","Baron and Govaerts","2021","1"
"616","CDKN","2014","1"
"616","Gourdji et al.","2015","1"
"616","Harvey et al.","2018","1"
"616","IPCC","2022","4"
"616","Thomas et al.","2018","1"
"616","Waddick","2017","1"
"617","CDKN","2014","1"
"617","Gourdji et al.","2015","1"
"617","Harvey et al.","2018","1"
"617","Imbach et al.","2017","1"
"617","IPCC","2022","4"
"617","Thomas et al.","2018","1"
"617","Waddick","2017","1"
"618","CDKN","2014","1"
"618","Harvey et al.","2018","1"
"618","Imbach et al.","2017","1"
"618","IPCC","2022","4"
"618","Pacillo et al.","2022","1"
"619","Gourdji et al.","2015","1"
"619","Harvey et al.","2018","1"
"619","Imbach et al.","2017","1"
"619","IPCC","2022","4"
"620","Harvey et al.","2018","1"
"620","Imbach et al.","2017","1"
"620","Pacillo et al.","2022","1"
"621","IPCC","2022","4"
"621","Pacillo et al.","2022","1"
"622","CDKN","2014","1"
"622","Waddick","2017","1"
"623","Harvey et al.","2018","1"
"624","Harvey et al.","2018","1"
"625","Eitzinger et al.","2012","1"
"626","Eitzinger et al.","2012","1"
"627","Harvey et al.","2018","1"
"628","Harvey et al.","2018","1"
"629","Imbach et al.","2017","1"
"630","Gourdji et al.","2015","1"
"631","Donatti et al.","2018","1"
"631","Eitzinger et al.","2012","1"
"632","Gourdji et al.","2015","1"
"633","Harvey et al.","2018","1"
"633","Imbach et al.","2017","1"
"633","Ramirez-Cabral et al.","2017","1"
"634","CDKN","2014","1"
"634","Harvey et al.","2018","1"
"635","Harvey et al.","2018","1"
"636","Pons","2021","1"
"637","Imbach et al.","2017","1"
"641","Harvey et al.","2018","1"
"641","Sain et al.","2017","1"
"642","Eitzinger et al.","2012","1"
"643","Eitzinger et al.","2012","1"
"643","Harvey et al.","2018","1"
"644","Eitzinger et al.","2012","1"
"644","Imbach et al.","2017","1"
"644","Pons","2021","1"
"645","Eitzinger et al.","2012","1"
"645","Harvey et al.","2018","1"
"646","Imbach et al.","2017","1"
"646","Waddick","2017","1"
"647","Gourdji et al.","2015","1"
"647","Waddick","2017","1"
"648","CDKN","2014","1"
"649","Eitzinger et al.","2012","1"
"650","Eitzinger et al.","2012","1"
"651","Eitzinger et al.","2012","1"
"651","Harvey et al.","2018","1"
"652","Harvey et al.","2018","1"
"653","Gourdji et al.","2015","1"
"653","Harvey et al.","2018","1"
"654","Eitzinger et al.","2012","1"
"654","Perez","2020","1"
"655","Gourdji et al.","2015","1"
"656","Eitzinger et al.","2012","1"
"656","Harvey et al.","2018","1"
"656","Perez","2020","1"
"657","Gourdji et al.","2015","1"
"657","Imbach et al.","2017","1"
"657","Lopez‑Ridaura et al.","2021","1"
"658","Harvey et al.","2018","1"
"659","Eitzinger et al.","2012","1"
"659","Gourdji et al.","2015","1"
"660","Eitzinger et al.","2012","1"
"660","Lopez‑Ridaura et al.","2021","1"
"661","Donatti et al.","2018","1"
"661","Eitzinger et al.","2012","1"
"661","Harvey et al.","2018","1"
"662","Eash et al.","2019","1"
"662","Eitzinger et al.","2012","1"
"663","Eash et al.","2019","1"
"663","Eitzinger et al.","2012","1"
"664","Gourdji et al.","2015","1"
"664","Harvey et al.","2018","1"
"665","Gourdji et al.","2015","1"
"666","Gourdji et al.","2015","1"
"666","Harvey et al.","2018","1"
"667","Harvey et al.","2018","1"
"668","Harvey et al.","2018","1"
"669","Eitzinger et al.","2012","1"
"669","Gourdji et al.","2015","1"
"669","Sain et al.","2017","1"
"670","Eitzinger et al.","2012","1"
"670","Gourdji et al.","2015","1"
"670","Harvey et al.","2018","1"
"671","Eash et al.","2019","1"
"671","Eitzinger et al.","2012","1"
"671","Sain et al.","2017","1"
"672","Eash et al.","2019","1"
"672","Eitzinger et al.","2012","1"
"672","Sain et al.","2017","1"
"673","Donatti et al.","2018","1"
"673","Gourdji et al.","2015","1"
"673","Harvey et al.","2018","1"
"674","Eitzinger et al.","2012","1"
"675","Donatti et al.","2018","1"
"675","Eitzinger et al.","2012","1"
"675","Imbach et al.","2017","1"
"676","Donatti et al.","2018","1"
"676","Eitzinger et al.","2012","1"
"676","Gourdji et al.","2015","1"
"676","Harvey et al.","2018","1"
"676","Imbach et al.","2017","1"
"676","Sain et al.","2017","1"
"677","Eash et al.","2019","1"
"679","Eitzinger et al.","2012","1"
"679","Harvey et al.","2018","1"
"680","Eitzinger et al.","2012","1"
"681","Eitzinger et al.","2012","1"
"682","Eitzinger et al.","2012","1"
"683","Harvey et al.","2018","1"
"684","Harvey et al.","2018","1"
"685","Eitzinger et al.","2012","1"
"685","Imbach et al.","2017","1"
"685","Pons","2021","1"
"686","Eitzinger et al.","2012","1"
"686","Harvey et al.","2018","1"
"687","Eitzinger et al.","2012","1"
"687","Harvey et al.","2018","1"
"688","Donatti et al.","2018","1"
"689","Harvey et al.","2018","1"
"691","Eitzinger et al.","2012","1"
"692","Dixon et al.","2001","2"
"692","Hyman et al.","2016","1"
"692","IPCC","2022","5"
"692","Jobbins and Henley","2015","1"
"692","OECD/FAO","2018","1"
"692","Waha et al.","2017","1"
"693","Jobbins and Henley","2015","1"
"694","Govind","2022","1"
"694","Jobbins and Henley","2015","1"
"694","Mohamed and Squires","2018","1"
"694","OECD/FAO","2018","1"
"695","Durrell","2018","1"
"695","Hyman et al.","2016","1"
"695","Jobbins and Henley","2015","1"
"695","Waha et al.","2017","1"
"696","Durrell","2018","1"
"696","Govind","2022","1"
"696","Hyman et al.","2016","1"
"696","ICARDA","2021","1"
"696","Jobbins and Henley","2015","1"
"696","Mohamed and Squires","2018","1"
"697","Govind","2022","1"
"698","Durrell","2018","1"
"698","ICARDA","2021","1"
"699","Durrell","2018","1"
"699","ICARDA","2021","1"
"700","Mohamed and Squires","2018","1"
"701","OECD/FAO","2018","1"
"702","Mohamed and Squires","2018","1"
"703","Durrell","2018","1"
"703","Sanchez-Garcia","2021","1"
"703","Waha et al.","2017","1"
"704","Safi et al.","2018","1"
"705","Durrell","2018","1"
"705","Sanchez-Garcia","2021","1"
"705","Waha et al.","2017","1"
"706","Durrell","2018","1"
"707","Durrell","2018","1"
"707","Waha et al.","2017","1"
"708","Waha et al.","2017","1"
"709","Durrell","2018","1"
"710","Durrell","2018","1"
"710","Govind","2022","1"
"710","Waha et al.","2017","1"
"711","Devkota et al.","2022","1"
"711","Mohamed and Squires","2018","1"
"712","Jobbins and Henley","2015","1"
"712","Waha et al.","2017","1"
"713","Durrell","2018","1"
"713","Waha et al.","2017","1"
"714","Waha et al.","2017","1"
"715","OECD/FAO","2018","1"
"716","Durrell","2018","1"
"716","Mohamed and Squires","2018","1"
"717","Durrell","2018","1"
"717","Mohamed and Squires","2018","1"
"718","Raufu et al.","2018","1"
"719","Devkota et al.","2022","1"
"719","Mohamed and Squires","2018","1"
"720","Mohamed et al.","2019","1"
"721","Mohamed and Squires","2018","1"
"721","OECD/FAO","2018","1"
"722","Mohamed et al.","2019","1"
"723","Mohamed and Squires","2018","1"
"723","Waha et al.","2017","1"
"724","Mohamed et al.","2019","1"
"725","Devkota et al.","2022","1"
"725","OECD/FAO","2018","1"
"725","Yigezu et al.","2021","1"
"726","Govind","2022","1"
"726","ICARDA","2021","1"
"726","Waha et al.","2017","1"
"727","OECD/FAO","2018","1"
"728","OECD/FAO","2018","1"
"729","Piechota et al.","2020","1"
"730","Govind","2022","1"
"730","Jobbins and Henley","2015","1"
"731","Dixon et al.","2001","2"
"731","Waha et al.","2017","1"
"732","Dixon et al.","2001","2"
"732","Jobbins and Henley","2015","1"
"733","Dixon et al.","2001","2"
"733","Waha et al.","2017","1"
"734","Mohamed et al.","2019","1"
"735","Govind","2022","1"
"735","OECD/FAO","2018","1"
"736","Dixon et al.","2001","2"
"736","Jobbins and Henley","2015","1"
"737","Dixon et al.","2001","2"
"738","Govind","2022","1"
"738","Mohamed et al.","2019","1"
"739","Devkota et al.","2022","1"
"740","Dixon et al.","2001","2"
"740","OECD/FAO","2018","1"
"741","Dixon et al.","2001","2"
"742","Devkota et al.","2022","1"
"742","Dixon et al.","2001","2"
"742","Govind","2022","1"
"742","Mohamed et al.","2019","1"
"743","Devkota et al.","2022","1"
"743","Dixon et al.","2001","2"
"743","Govind","2022","1"
"743","Yigezu et al.","2021","1"
"744","Mohamed et al.","2019","1"
"745","Mohamed et al.","2019","1"
"745","Petit and Boujenane","2018","1"
"746","ICARDA","2021","1"
"747","ICARDA","2021","1"
"748","Devkota and Yigezu","2020","1"
"749","Piechota et al.","2020","1"
"750","Dixon et al.","2001","2"
"751","Dixon et al.","2001","2"
"752","Govind","2022","1"
"752","Mohamed et al.","2019","1"
"753","Devkota et al.","2022","1"
"753","OECD/FAO","2018","1"
"753","Yigezu et al.","2021","1"
"754","Devkota et al.","2022","1"
"754","Dixon et al.","2001","2"
"754","Govind","2022","1"
"755","Dixon et al.","2001","2"
"756","Dixon et al.","2001","2"
"758","Govind","2022","1"
"758","Jobbins and Henley","2015","1"
"759","Dixon et al.","2001","2"
"760","Dixon et al.","2001","2"
"761","Dixon et al.","2020","1"
"762","Dixon et al.","2020","1"
"763","Lewis et al.","2018","1"
"764","Lewis et al.","2018","1"
"765","United Nations Economic and Social Commission for Western Asia (ESCWA)","2017","1"
"766","United Nations Economic and Social Commission for Western Asia (ESCWA)","2017","1"
"767","Sieghart and Betre","2018","1"
"769","Dixon et al.","2001","5"
"770","Dixon et al.","2001","5"
"770","Dixon et al.","2020","1"
"771","Dixon et al.","2001","5"
"772","Dixon et al.","2020","1"
"773","Lewis et al.","2018","1"
"774","Dixon et al.","2001","5"
"774","Dixon et al.","2020","1"
"775","Dixon et al.","2020","1"
"776","United Nations Economic and Social Commission for Western Asia (ESCWA)","2017","1"
"777","Namdar","2021","1"
"786","Dixon et al.","2001","5"
"786","United Nations Economic and Social Commission for Western Asia (ESCWA)","2017","1"
"787","Dixon et al.","2001","5"
"788","United Nations Economic and Social Commission for Western Asia (ESCWA)","2017","1"
"789","United Nations Economic and Social Commission for Western Asia (ESCWA)","2017","1"
"790","Dixon et al.","2001","5"
"790","United Nations Economic and Social Commission for Western Asia (ESCWA)","2017","1"
"800","Dixon et al.","2001","5"
"801","Lewis et al.","2018","1"
"802","United Nations Economic and Social Commission for Western Asia (ESCWA)","2017","1"
"803","OECD/FAO","2018","2"
"804","Dixon et al.","2001","5"
"805","Namdar","2021","1"
"806","Namdar","2021","1"
"808","Dixon et al.","2020","1"
"809","Namdar","2021","1"
"811","Dixon et al.","2020","1"
"812","World Bank","2019","2"
"815","Dixon et al.","2020","1"
"816","Garrity et al.","2012","2"
"817","Namdar","2021","1"
"818","Lewis et al.","2018","1"
"819","Dixon et al.","2020","1"
"820","Lewis et al.","2018","1"
"821","Lewis et al.","2018","1"
"822","World Bank","2019","2"
"825","World Bank","2019","2"
"826","Dixon et al.","2020","1"
"827","Namdar","2021","1"
"828","Dixon et al.","2001","5"
"830","IICA","2017","1"
"830","Lewis et al.","2018","1"
"831","Garrity et al.","2012","2"
"832","Dixon et al.","2020","1"
"835","Dixon et al.","2020","1"
"836","Namdar","2021","1"
"838","Dixon et al.","2020","1"
"839","Dixon et al.","2020","1"
"840","OECD/FAO","2018","2"
"844","Lewis et al.","2018","1"
"845","Lewis et al.","2018","1"
"846","Dixon et al.","2020","1"
"847","Waha et al.","2017","1"
"848","United Nations Economic and Social Commission for Western Asia (ESCWA)","2017","1"
"849","United Nations Economic and Social Commission for Western Asia (ESCWA)","2017","1"
"850","Borghesi and Ticci","2019","1"
"851","Ferrise et al.","2013","1"
"851","Mougou et al.","2010","1"
"852","Mahmoud","2021","1"
"853","Donat et al.","2014","1"
"854","United Nations Economic and Social Commission for Western Asia (ESCWA)","2017","1"
"856","Dixon et al.","2001","5"
"857","Ferrise et al.","2013","1"
"858","Ferrise et al.","2013","1"
"859","Waha et al.","2017","1"
"860","Waha et al.","2017","1"
"861","Waha et al.","2017","1"
"862","Waha et al.","2017","1"
"863","Dixon et al.","2001","5"
"864","Waha et al.","2017","1"
"865","United Nations Economic and Social Commission for Western Asia (ESCWA)","2017","1"
"874","Waha et al.","2017","1"
"875","Waha et al.","2017","1"
"876","Waha et al.","2017","1"
"877","Waha et al.","2017","1"
"878","Al-Riffai and Breisinger","2012","1"
"878","Waha et al.","2017","1"
"879","Waha et al.","2017","1"
"880","Waha et al.","2017","1"
"881","Verner","2012","1"
"884","Dixon et al.","2001","5"
"885","Dixon et al.","2001","5"
"886","Al-Riffai and Breisinger","2012","1"
"886","Waha et al.","2017","1"
"887","Al-Riffai and Breisinger","2012","1"
"887","Waha et al.","2017","1"
"888","EcoMENA","2021","1"
"889","Dixon et al.","2001","5"
"890","Waha et al.","2017","1"
"891","Waha et al.","2017","1"
"892","Al-Riffai and Breisinger","2012","1"
"893","Al-Riffai and Breisinger","2012","1"
"894","Waha et al.","2017","1"
"895","Abumoghli and Goncalves","2016","1"
"896","Al-Riffai and Breisinger","2012","1"
"896","Waha et al.","2017","1"
"897","Selvaraju","2013","1"
"898","Al-Riffai and Breisinger","2012","1"
"899","Dixon et al.","2020","1"
"901","EcoMENA","2021","1"
"902","EcoMENA","2021","1"
"903","Waha et al.","2017","1"
"904","Dixon et al.","2001","5"
"905","Dixon et al.","2001","5"
"906","Dixon et al.","2001","5"
"907","Dixon et al.","2001","5"
"907","Verner","2012","1"
"908","Dixon et al.","2001","5"
"909","Srinivasarao et al.","2013","1"
"910","Dixon et al.","2001","5"
"910","Verner","2012","1"
"911","Al-Riffai and Breisinger","2012","1"
"913","Mwongera and Gichuru","2021","1"
"914","Al-Alaween et al.","2016","1"
"915","Dixon et al.","2001","5"
"916","World Bank","2022","3"
"918","Dixon et al.","2001","5"
"924","USAID","2017","2"
"925","USAID","2017","2"
"926","USAID","2017","2"
"928","USAID","2017","2"
"930","World Bank","2021","6"
"932","Dwarakish et al.","2009","1"
"932","USAID","2017","2"
"933","ADB","2014","1"
"934","Huang et al.","2016","1"
"934","World Bank","2021","6"
"935","World Bank","2021","6"
"939","Mohanty and Wadhawan","2021","1"
"940","SNC","2012","1"
"963","Dixon et al.","2001","5"
"963","INDIA, R. B. O.","2018","1"
"963","USAID","2017","2"
"964","Dixon et al.","2001","5"
"965","IPCC","2014","1"
"965","Mohanty and Wadhawan","2021","1"
"966","DST","2020","1"
"967","IPCC","2014","1"
"967","Mohanty and Wadhawan","2021","1"
"968","DST","2020","1"
"969","SNC","2012","1"
"971","Dixon et al.","2001","5"
"973","Aryal et al.","2020","1"
"973","DST","2020","1"
"973","Swain","2014","1"
"974","Dixon et al.","2001","5"
"975","ADB","2014","1"
"976","Mohanty and Wadhawan","2021","1"
"977","Dixon et al.","2001","5"
"978","Dixon et al.","2001","5"
"979","Dixon et al.","2001","5"
"980","Dixon et al.","2001","5"
"981","DST","2020","1"
"981","Swain","2014","1"
"982","Dixon et al.","2001","5"
"982","INDIA, R. B. O.","2018","1"
"982","USAID","2017","2"
"983","Aryal et al.","2020","1"
"983","DST","2020","1"
"984","INDC","2016","1"
"987","Dixon et al.","2001","5"
"988","Dixon et al.","2001","5"
"990","Dixon et al.","2001","5"
"991","ADB","2016","1"
"992","GIZ (Deutsche Gesellschaft für Internationale Zusammenarbeit GmbH)","2018","1"
"992","SNC","2012","1"
"993","SNC","2012","1"
"994","Aryal et al.","2020","1"
"1004","GIZ (Deutsche Gesellschaft für Internationale Zusammenarbeit GmbH)","2018","1"
"1005","Reid et al.","2012","1"
"1006","Dixon et al.","2001","5"
"1007","DST","2020","1"
"1009","World Bank","2021","5"
"1015","DST","2020","1"
"1015","Swain","2014","1"
"1016","GIZ (Deutsche Gesellschaft für Internationale Zusammenarbeit GmbH)","2018","1"
"1017","SNC","2012","1"
"1024","Arshad et al.","2016","1"
"1024","Aryal et al.","2019","1"
"1024","Daloz et al.","2021","1"
"1024","Zacharias et al.","2014","1"
"1025","Arshad et al.","2016","1"
"1025","Zacharias et al.","2014","1"
"1026","Bhatla et al.","2019","1"
"1026","Daloz et al.","2021","1"
"1026","Zacharias et al.","2014","1"
"1027","Bhatla et al.","2019","1"
"1027","Daloz et al.","2021","1"
"1028","Bhatla et al.","2019","1"
"1028","Daloz et al.","2021","1"
"1029","Arshad et al.","2016","1"
"1029","Bhatt et al.","2016","1"
"1030","Aryal et al.","2019","1"
"1031","Bhatt et al.","2016","1"
"1031","Bhatt et al.","2021","1"
"1031","Dhanda et al.","2022","1"
"1031","Magar et al.","2022","1"
"1031","Pokharel et al.","2018","1"
"1032","Aryal et al.","2019","1"
"1033","Arshad et al.","2016","1"
"1033","Aryal et al.","2019","1"
"1034","Aryal et al.","2019","1"
"1035","Aryal et al.","2019","1"
"1036","Arshad et al.","2016","1"
"1037","Bhatt et al.","2016","1"
"1038","Ullah et al.","2021","1"
"1039","Bhatt et al.","2016","1"
"1040","Arshad et al.","2016","1"
"1041","Arshad et al.","2016","1"
"1041","Bhatt et al.","2016","1"
"1042","Aryal et al.","2019","1"
"1043","Aryal et al.","2019","1"
"1043","Dixon et al.","2001","2"
"1044","Aryal et al.","2019","1"
"1045","Bhatt et al.","2016","1"
"1045","Bijarniya et al.","2020","1"
"1045","Mishra et al.","2021","1"
"1046","Bhatt et al.","2016","1"
"1047","Bijarniya et al.","2020","1"
"1048","Mojid and Mainuddin","2021","1"
"1049","Aryal et al.","2019","1"
"1049","Magar et al.","2022","1"
"1050","Bhatt et al.","2016","1"
"1050","Dhanda et al.","2022","1"
"1050","Mishra et al.","2021","1"
"1050","Pokharel et al.","2018","1"
"1050","Ullah et al.","2021","1"
"1051","Bhatt et al.","2016","1"
"1051","Bhatt et al.","2021","1"
"1051","Mishra et al.","2021","1"
"1051","Mojid and Mainuddin","2021","1"
"1051","Ullah et al.","2021","1"
"1052","Bhatt et al.","2016","1"
"1053","Bhatt et al.","2016","1"
"1053","Bhatt et al.","2021","1"
"1053","Ullah et al.","2021","1"
"1054","Bhatt et al.","2016","1"
"1054","Mishra et al.","2021","1"
"1054","Ullah et al.","2021","1"
"1055","Mishra et al.","2021","1"
"1055","Pokharel et al.","2018","1"
"1056","Bhatt et al.","2016","1"
"1056","Bhatt et al.","2021","1"
"1056","Ullah et al.","2021","1"
"1057","Arshad et al.","2016","1"
"1057","Dhanda et al.","2022","1"
"1058","Arshad et al.","2016","1"
"1058","Bhatt et al.","2016","1"
"1058","Pokharel et al.","2018","1"
"1058","Ullah et al.","2021","1"
"1059","Mishra et al.","2021","1"
"1060","Chandel et al.","2022","1"
"1060","Mishra et al.","2021","1"
"1061","Krishna et al.","2022","1"
"1061","Mishra et al.","2021","1"
"1062","Mishra et al.","2021","1"
"1062","Pokharel et al.","2018","1"
"1063","Arshad et al.","2016","1"
"1064","Arshad et al.","2016","1"
"1065","Arshad et al.","2016","1"
"1066","Bhatt et al.","2016","1"
"1066","Bijarniya et al.","2020","1"
"1066","Ullah et al.","2021","1"
"1067","Bhatt et al.","2016","1"
"1067","Bhatt et al.","2021","1"
"1067","Dhanda et al.","2022","1"
"1067","Magar et al.","2022","1"
"1067","Mishra et al.","2021","1"
"1067","Pokharel et al.","2018","1"
"1067","Ullah et al.","2021","1"
"1068","Bijarniya et al.","2020","1"
"1068","Dhanda et al.","2022","1"
"1069","Mojid and Mainuddin","2021","1"
"1070","Pokharel et al.","2018","1"
"1071","Bhatt et al.","2016","1"
"1071","Dhanda et al.","2022","1"
"1072","Bhatt et al.","2021","1"
"1072","Dhanda et al.","2022","1"
"1072","Mishra et al.","2021","1"
"1072","Ullah et al.","2021","1"
"1073","Bhatt et al.","2021","1"
"1073","Dhanda et al.","2022","1"
"1074","Bhatt et al.","2021","1"
"1074","Dhanda et al.","2022","1"
"1074","Mojid and Mainuddin","2021","1"
"1075","Bhatt et al.","2021","1"
"1075","Dhanda et al.","2022","1"
"1076","Hossain et al.","2020","1"
"1077","Bijarniya et al.","2020","1"
"1078","Dhanda et al.","2022","1"
"1078","Pokharel et al.","2018","1"
"1079","Bijarniya et al.","2020","1"
"1080","Bijarniya et al.","2020","1"
"1080","Dhanda et al.","2022","1"
"1080","Mojid and Mainuddin","2021","1"
"1081","Arshad et al.","2016","1"
"1082","Aryal et al.","2019","1"
"1082","Magar et al.","2022","1"
"1083","Magar et al.","2022","1"
"1083","Mishra et al.","2021","1"
"1085","Arshad et al.","2016","1"
"1085","Bhatt et al.","2016","1"
"1086","Arshad et al.","2016","1"
"1086","Dhanda et al.","2022","1"
"1087","Aryal et al.","2021","1"
"1087","IPCC","2019","6"
"1088","Aryal et al.","2021","1"
"1088","IPCC","2019","6"
"1088","World Bank","2021","8"
"1089","Aryal et al.","2021","1"
"1089","IPCC","2019","6"
"1089","World Bank","2021","8"
"1090","Mainuddin et al.","2022","1"
"1090","Rahman et al.","2019","1"
"1090","Shankar et al.","2014","1"
"1090","World Bank","2021","8"
"1091","Kibria and Haroon","2017","1"
"1091","World Bank","2021","8"
"1092","Aryal et al.","2020","2"
"1092","Hellin et al.","2020","1"
"1092","Zhai and Zhuang","2009","1"
"1092","Rahman et al.","2019","1"
"1092","Mainuddin et al.","2022","1"
"1093","Aryal et al.","2021","1"
"1093","Dixon et al.","2001","2"
"1093","Kibria and Haroon","2017","1"
"1093","World Bank","2021","8"
"1094","Aryal et al.","2020","2"
"1095","Hellin et al.","2020","2"
"1096","Aryal et al.","2021","1"
"1096","World Bank","2021","8"
"1097","World Bank","2021","8"
"1098","Aryal et al.","2020","2"
"1098","John and Fielding","2014","1"
"1098","Aryal et al.","2021","1"
"1099","Zhai and Zhuang","2009","1"
"1099","Aryal et al.","2020","1"
"1099","Amin et al.","2015","1"
"1099","Mainuddin et al.","2022","1"
"1099","Hoq et al.","2021","1"
"1100","Amin et al.","2015","1"
"1101","Aryal et al.","2021","1"
"1102","Kibria and Haroon","2017","1"
"1102","World Bank","2021","8"
"1103","Kibria and Haroon","2017","1"
"1103","World Bank","2021","8"
"1104","Abiy et al.","2019","1"
"1105","FAO","2022","3"
"1106","Aryal et al.","2021","1"
"1106","Mainuddin et al.","2022","1"
"1107","Aryal et al.","2021","1"
"1107","Mainuddin et al.","2022","1"
"1108","Amin et al.","2015","1"
"1108","Aryal et al.","2020","2"
"1110","Aryal et al.","2020","2"
"1110","Dixon et al.","2001","2"
"1111","Amin et al.","2015","1"
"1111","Aryal et al.","2020","2"
"1112","Aryal et al.","2020","2"
"1113","Dixon et al.","2001","2"
"1114","Aryal et al.","2020","2"
"1115","Amin et al.","2015","1"
"1116","Aryal et al.","2020","2"
"1117","Hellin et al.","2020","2"
"1118","Aman et al.","2021","1"
"1118","Deep et al.","2018","1"
"1118","Sravan and Murthy","2018","1"
"1119","Deep et al.","2018","1"
"1120","Aryal et al.","2020","2"
"1121","Shankar et al.","2014","1"
"1121","Suresh et al.","2021","1"
"1122","Aryal et al.","2020","2"
"1123","Aryal et al.","2020","2"
"1123","Dixon et al.","2001","1"
"1123","Mainuddin et al.","2022","1"
"1123","Alam et al.","2021","1"
"1124","Shahid et al.","2021","1"
"1124","Suresh et al.","2021","1"
"1125","Aryal et al.","2020","2"
"1126","Suresh et al.","2021","1"
"1126","Toufique et al.","2014","1"
"1127","Mainuddin et al.","2022","1"
"1127","Ministry of Foreign Affairs","2018","1"
"1127","Suresh et al.","2021","1"
"1128","Suresh et al.","2021","1"
"1129","Amin et al.","2015","1"
"1132","Swami","2019","1"
"1133","Ministry of Foreign Affairs","2018","1"
"1134","Suresh et al.","2021","1"
"1134","Toufique et al.","2014","1"
"1135","Aryal et al.","2020","2"
"1137","Aryal et al.","2020","2"
"1138","Aryal et al.","2020","2"
"1139","Aryal et al.","2020","2"
"1140","Alam et al.","2021","1"
"1140","Aryal et al.","2020","2"
"1140","Ministry of Foreign Affairs","2018","1"
"1140","Sravan and Murthy","2018","1"
"1141","Bera and Sarkar","2021","1"
"1142","Deep et al.","2018","1"
"1142","Suresh et al.","2021","1"
"1143","Bera and Sarkar","2021","1"
"1143","Mohanty et al.","2013","1"
"1144","Deep et al.","2018","1"
"1144","Sravan and Murthy","2018","1"
"1145","Bera and Sarkar","2021","1"
"1145","Deep et al.","2018","1"
"1146","Bera and Sarkar","2021","1"
"1147","Alam et al.","2021","1"
"1147","Dixon et al.","2001","2"
"1148","Poonam et al.","2018","1"
"1148","Sravan and Murthy","2018","1"
"1149","Ministry of Foreign Affairs","2018","1"
"1151","Amin et al.","2015","1"
"1151","Deep et al.","2018","1"
"1151","Dixon et al.","2001","2"
"1151","Sravan and Murthy","2018","1"
"1152","Aryal et al.","2020","2"
"1153","Deep et al.","2018","1"
"1154","Dixon et al.","2001","2"
"1155","Aryal et al.","2020","2"
"1155","Deep et al.","2018","1"
"1156","Shankar et al.","2014","1"
"1157","Aryal et al.","2020","2"
"1159","Aryal et al.","2020","2"
"1159","Sravan and Murthy","2018","1"
"1160","Aryal et al.","2020","2"
"1160","Poonam et al.","2018","1"
"1161","Dixon et al.","2020","2"
"1161","UNHCR","2022","1"
"1162","CIAT and USAID","2016","1"
"1162","Dixon et al.","2020","2"
"1162","Herrero et al.","2016","1"
"1162","Kirby","2022","1"
"1162","Tremblay","2016","1"
"1162","UNHCR","2022","1"
"1163","Biasutti","2019","1"
"1163","CIAT and USAID","2016","1"
"1163","Dixon et al.","2020","2"
"1163","Kirby","2022","1"
"1163","Sissoko et al.","2010","1"
"1163","Tremblay","2016","1"
"1163","USGS and USAID","2012","1"
"1164","CIAT and USAID","2016","1"
"1164","Tremblay","2016","1"
"1164","USGS and USAID","2012","1"
"1165","USAID","2017","3"
"1165","USGS and USAID","2012","1"
"1167","Dixon et al.","2020","2"
"1167","Herrero et al.","2016","1"
"1167","Kandji et al.","2006","1"
"1167","USAID","2012","2"
"1168","Dixon et al.","2020","2"
"1168","USAID","2012","2"
"1169","Fall","2022","1"
"1169","Herrero et al.","2016","1"
"1170","Dixon et al.","2020","2"
"1170","Filho et al.","2020","1"
"1170","Herrero et al.","2016","1"
"1170","ILRI","2013","1"
"1170","Thornton et al.","2009","1"
"1170","UNHCR","2022","1"
"1171","Herrero et al.","2016","1"
"1172","Filho et al.","2020","1"
"1173","Herrero et al.","2016","1"
"1174","Nidumolu etal.","2022","1"
"1175","CIAT and USAID","2016","1"
"1175","Filho et al.","2020","1"
"1175","Thornton et al.","2009","1"
"1176","Tremblay","2016","1"
"1176","World Bank","2015","2"
"1177","Fall","2022","1"
"1184","Fall","2022","1"
"1185","Ayantunde at al.","2011","1"
"1185","Dixon et al.","2020","2"
"1185","Kirby","2022","1"
"1185","Stavi et al.","2021","1"
"1185","Tremblay","2016","1"
"1185","Kabede et al.","2021","1"
"1186","Dixon et al.","2020","2"
"1193","Dixon et al.","2020","2"
"1193","Hughes","2014","1"
"1193","Zougmore et al.","2016","1"
"1194","Dixon et al.","2020","2"
"1194","USAID","2012","2"
"1195","Dixon et al.","2020","2"
"1195","Turner et al.","2012","1"
"1195","USAID","2012","2"
"1198","Dixon et al.","2020","2"
"1198","Kabede et al.","2021","1"
"1198","Tremblay","2016","1"
"1198","Turner et al.","2012","1"
"1201","Dixon et al.","2020","2"
"1201","World Bank","2015","2"
"1202","Ayantunde at al.","2011","1"
"1202","Dixon et al.","2020","2"
"1202","Zougmore et al.","2016","1"
"1204","Dixon et al.","2020","2"
"1207","Tremblay","2016","1"
"1208","Tremblay","2016","1"
"1209","Dixon et al.","2020","2"
"1210","Ayantunde at al.","2011","1"
"1210","Dixon et al.","2020","2"
"1210","Zougmore et al.","2016","1"
"1211","Zougmore et al.","2016","1"
"1212","Dixon et al.","2020","2"
"1212","Herrero et al.","2016","1"
"1212","Zougmore et al.","2016","1"
"1213","Dixon et al.","2020","2"
"1213","Tremblay","2016","1"
"1214","Dixon et al.","2020","2"
"1214","Kabede et al.","2021","1"
"1214","Tremblay","2016","1"
"1214","Turner et al.","2012","1"
"1215","Dixon et al.","2020","2"
"1215","Herrero et al.","2016","1"
"1215","Zougmore et al.","2016","1"
"1216","Herrero et al.","2016","1"
"1217","World Bank","2015","2"
"1218","Ayantunde at al.","2011","1"
"1218","Dixon et al.","2020","2"
"1218","Kabede et al.","2021","1"
"1218","Kirby","2022","1"
"1218","Turner et al.","2012","1"
"1219","Dixon et al.","2020","2"
"1219","Kabede et al.","2021","1"
"1219","Tremblay","2016","1"
"1219","Turner et al.","2012","1"
"1225","Dixon et al.","2020","2"
"1225","Turner et al.","2012","1"
"1225","USAID","2012","2"
"1226","Dixon et al.","2020","2"
"1227","Herrero et al.","2016","1"
"1227","Tremblay","2016","1"
"1228","Ayantunde at al.","2011","1"
"1228","Dixon et al.","2020","2"
"1228","Herrero et al.","2016","1"
"1228","Tremblay","2016","1"
"1229","Herrero et al.","2016","1"
"1230","Hughes","2014","1"
"1231","D'Alessandro et al.","2015","1"
"1232","Dixon et al.","2020","2"
"1232","Kabede et al.","2021","1"
"1232","Zougmore et al.","2016","1"
"1233","Ayantunde at al.","2011","1"
"1233","Herrero et al.","2016","1"
"1233","Kabede et al.","2021","1"
"1233","Zougmore et al.","2016","1"
"1234","D'Alessandro et al.","2015","1"
"1235","Dixon et al.","2020","2"
"1235","UNHCR","2022","1"
"1236","Zougmore et al.","2016","1"
"1237","Dixon et al.","2020","2"
"1237","Kabede et al.","2021","1"
"1237","Zougmore et al.","2016","1"
"1238","Dixon et al.","2020","2"
"1238","Zougmore et al.","2016","1"
"1239","Zougmore et al.","2016","1"
"1240","ILRI","2013","1"
"1240","Tremblay","2016","1"
"1247","Dixon et al.","2020","2"
"1248","Dixon et al.","2020","2"
"1250","Kabede et al.","2021","1"
"1251","Dixon et al.","2020","2"
"1251","Kabede et al.","2021","1"
"1251","Unganai","2009","1"
"1252","Dixon et al.","2020","2"
"1252","Kabede et al.","2021","1"
"1252","Unganai","2009","1"
"1253","Dixon et al.","2020","2"
"1253","Hughes","2014","1"
"1253","Zougmore et al.","2016","1"
"1254","Debela et al.","2015","1"
"1254","Dixon et al.","2020","2"
"1254","ILRI","2013","1"
"1254","Unganai","2009","1"
"1257","Herrero et al.","2016","1"
"1257","Kandji et al.","2006","1"
"1257","Unganai","2009","1"
"1259","Ayantunde at al.","2011","1"
"1259","Dixon et al.","2020","2"
"1260","Ayantunde at al.","2011","1"
"1260","Dixon et al.","2020","2"
"1261","Herrero et al.","2016","1"
"1262","Ayantunde at al.","2011","1"
"1262","Dixon et al.","2020","2"
"1266","Kirby","2022","1"
"1267","Dixon et al.","2020","2"
"1267","Kirby","2022","1"
"1267","Stavi et al.","2021","1"
"1269","World Bank","2021","9"
"1270","World Bank","2021","9"
"1271","World Bank","2021","9"
"1272","World Bank","2021","9"
"1273","UN","2020","1"
"1273","UNFCCC","2020","1"
"1274","UN","2020","1"
"1274","UNFCCC","2020","1"
"1275","Zingore et al.","2015","1"
"1276","Peter et al.","2017","1"
"1277","World Bank","2021","9"
"1278","World Bank","2021","9"
"1279","Jabara et al.","2009","1"
"1279","No et al.","2009","1"
"1280","World Bank","2021","9"
"1281","World Bank","2021","9"
"1282","Bjornlund et al.","2020","2"
"1283","FAO","2022","5"
"1284","Nkonya et al.","2016","1"
"1284","Nkonya et al.","2021","3"
"1284","Nkonya.","2016","1"
"1285","Jabara et al.","2009","1"
"1285","No et al.","2009","1"
"1286","World Bank","2021","9"
"1287","Bjornlund et al.","2022","5"
"1288","Emife and Emeka","2020","1"
"1289","IMF","2021","1"
"1290","Fleming","2019","1"
"1291","Onyango","2019","1"
"1292","Fang et al.","2020","1"
"1293","Chapman et al.","2020","1"
"1293","Shiferaw et al.","2014","1"
"1294","Kombat et al.","2021","1"
"1295","FAO","2022","5"
"1295","Paini et al.","2016","1"
"1296","Atake","2018","1"
"1296","UNCTAD","2021","1"
"1297","Alemu et al.","2011","1"
"1298","UNEP","2022","2"
"1299","Stefania","2021","1"
"1300","Curran et al.","2018","1"
"1301","Szmigiera","2022","1"
"1302","Runde et al.","2021","1"
"1303","World Bank","2018","1"
"1303","World Bank","2019","3"
"1304","Coulibaly et al.","2022","2"
"1305","FAO","2021","3"
"1306","FAO","2021","3"
"1307","FAO","2022","5"
"1308","Pena-Ramos et al.","2022","1"
"1309","Chapman et al.","2020","1"
"1309","Shiferaw et al.","2014","1"
"1310","Shiferaw et al.","2014","1"
"1311","FAO","2022","5"
"1311","Paini et al.","2016","1"
"1312","Stoop and Hart","2006","1"
"1313","Atake","2018","1"
"1313","UNCTAD","2021","1"
"1314","Coulibaly et al.","2022","2"
"1315","Alemu et al.","2011","1"
"1316","Akinyi et al.","2021","1"
"1317","Innocent et al.","2020","1"
"1318","Shah et al.","2020","1"
"1319","Maritz et al.","2019","1"
"1320","Fisher et al.","2015","1"
"1321","IMF","2020","1"
"1322","Alobo Loison","2015","2"
"1323","UN","2009","1"
"1324","Ngigi and Denning","2011","1"
"1325","Chinseu et al.","2022","1"
"1326","Akinyi et al.","2021","1"
"1327","Newell et al.","2019","1"
"1328","Stathers et al.","2020","1"
"1329","FAO","2022","5"
"1330","Ozor et al.","2020","1"
"1331","Mataya et al.","2020","1"
"1332","ADB","2016","1"
"1333","Chimhowu","2019","1"
"1334","IMF","2020","1"
"1335","FAO","2014","1"
"1336","Coulibaly et al.","2022","2"
"1337","Runde et al.","2021","1"
"1340","Bjornlund et al.","2022","5"
"1341","Connolly-Boutin et al.","2016","1"
"1342","Kassam et al.","2022","1"
"1343","Dixon et al.","2020","2"
"1343","Echeverria and Terton","2016","1"
"1343","Mekuria and Mekonnen","2018","1"
"1343","UN","2020","1"
"1343","UNFCCC","2020","1"
"1343","WHO","2020","1"
"1344","Dixon et al.","2020","2"
"1344","Echeverria and Terton","2016","1"
"1344","Mekuria and Mekonnen","2018","1"
"1344","UN","2020","1"
"1344","UNFCCC","2020","1"
"1344","WHO","2020","1"
"1345","Dixon et al.","2020","2"
"1345","Echeverria and Terton","2016","1"
"1345","Mekuria and Mekonnen","2018","1"
"1345","UN","2020","1"
"1345","UNFCCC","2020","1"
"1345","WHO","2020","1"
"1349","Dixon et al.","2020","2"
"1349","Echeverria and Terton","2016","1"
"1349","Mekuria and Mekonnen","2018","1"
"1349","UN","2020","1"
"1349","UNFCCC","2020","1"
"1349","WHO","2020","1"
"1350","Dixon et al.","2020","2"
"1351","Dixon et al.","2020","2"
"1352","Dixon et al.","2020","2"
"1353","Dixon et al.","2020","2"
"1353","Echeverria and Terton","2016","1"
"1354","Echeverria and Terton","2016","1"
"1354","Noriko et al.","2020","1"
"1355","CCAFS","2013","1"
"1355","Echeverria and Terton","2016","1"
"1355","Noriko et al.","2020","1"
"1356","Dixon et al.","2020","2"
"1356","Echeverria and Terton","2016","1"
"1357","Dixon et al.","2020","2"
"1357","Echeverria and Terton","2016","1"
"1357","Mekuria and Mekonnen","2018","1"
"1358","Dixon et al.","2020","2"
"1364","Dixon et al.","2020","2"
"1364","UN","2020","1"
"1364","UNFCCC","2020","1"
"1368","UN","2020","1"
"1368","UNFCCC","2020","1"
"1372","Dixon et al.","2020","2"
"1374","Dixon et al.","2020","2"
"1374","Gebre et al.","2015","1"
"1375","Gebre et al.","2015","1"
"1376","Gebre et al.","2015","1"
"1384","Dixon et al.","2020","2"
"1385","Dixon et al.","2020","2"
"1386","Dixon et al.","2020","2"
"1388","Dixon et al.","2020","2"
"1389","Argaw et al.","2012","1"
"1389","Dixon et al.","2020","2"
"1390","Dixon et al.","2020","2"
"1392","Dixon et al.","2020","2"
"1393","Dixon et al.","2020","2"
"1393","Knox et al.","2012","1"
"1394","Dixon et al.","2020","2"
"1394","Gebre et al.","2015","1"
"1395","Dixon et al.","2020","2"
"1396","Dixon et al.","2020","2"
"1401","Dixon et al.","2020","2"
"1402","Dixon et al.","2020","2"
"1404","Mekuria and Mekonnen","2018","1"
"1404","Herrero and Thornton","2011","1"
"1405","Dixon et al.","2020","2"
"1415","Dixon et al.","2020","2"
"1416","Dixon et al.","2020","2"
"1417","Dixon et al.","2020","2"
"1418","Dixon et al.","2020","2"
"1419","Dixon et al.","2020","2"
"1423","Dixon et al.","2020","2"
"1424","Echeverria and Terton","2016","1"
"1424","Mekuria and Mekonnen","2018","1"
"1424","UN","2020","1"
"1424","UNFCCC","2020","1"
"1425","Cheserek et al.","2015","1"
"1425","CIAT","2011","1"
"1425","FAO","2015","6"
"1425","MoALFC and World Bank","2021","1"
"1426","MoALFC and World Bank","2021","1"
"1427","Cheserek et al.","2015","1"
"1427","Lemma and Megersa","2021","1"
"1427","Muoki et al.","2020","1"
"1428","Cheserek et al.","2015","1"
"1428","CIAT","2011","1"
"1429","Cheserek et al.","2015","1"
"1429","CIAT","2011","1"
"1429","Lemma and Megersa","2021","1"
"1429","Muoki et al.","2020","1"
"1430","MoALFC and World Bank","2021","1"
"1430","UNIDO","2017","1"
"1431","Cheserek et al.","2015","1"
"1431","MoALFC and World Bank","2021","1"
"1433","CIAT","2011","1"
"1433","MoALFC and World Bank","2021","1"
"1434","MoALFC and World Bank","2021","1"
"1435","Cheserek et al.","2015","1"
"1435","MoALFC and World Bank","2021","1"
"1436","Kamunya","2022","1"
"1437","Kamunya","2022","1"
"1438","Davis et al.","2012","1"
"1438","Kamunya","2022","1"
"1439","Cheserek et al.","2015","1"
"1439","Muoki et al.","2020","1"
"1440","Bongase","2017","1"
"1440","Cheserek et al.","2015","1"
"1440","Lemma and Megersa","2021","1"
"1440","USAID","2017","4"
"1441","Cheserek et al.","2015","1"
"1441","CIAT","2011","1"
"1441","Davis et al.","2012","1"
"1441","FAO","2015","4"
"1441","Kamunya","2022","1"
"1441","Lemma and Megersa","2021","1"
"1441","Muoki et al.","2020","1"
"1441","USAID","2017","4"
"1452","Dixon et al.","2020","2"
"1452","Lemma and Megersa","2021","1"
"1453","Dixon et al.","2020","2"
"1453","Lemma and Megersa","2021","1"
"1457","Muoki et al.","2020","1"
"1460","Dixon et al.","2020","2"
"1460","Kaspersen and Foyn","2010","1"
"1461","Dixon et al.","2020","2"
"1467","Dixon et al.","2020","2"
"1471","Dixon et al.","2020","2"
"1471","Lemma and Megersa","2021","1"
"1474","UNIDO","2017","1"
"1474","Garrity et al.","2012","1"
"1474","Lemma and Megersa","2021","1"
"1475","UNIDO","2017","1"
"1475","Garrity et al.","2012","1"
"1475","Lemma and Megersa","2021","1"
"1477","CIAT","2011","1"
"1477","FAO","2015","6"
"1478","FAO","2015","6"
"1478","Muoki et al.","2020","1"
"1479","FAO","2015","6"
"1479","Lemma and Megersa","2021","1"
"1479","Muoki et al.","2020","1"
"1480","Kamunya","2022","1"
"1481","Kamunya","2022","1"
"1482","Kamunya","2022","1"
"1483","Kamunya","2022","1"
"1484","Lemma and Megersa","2021","1"
"1485","CIAT","2011","1"
"1485","FAO","2015","6"
"1486","IPCC","2022","7"
"1491","Dixon et al.","2020","2"
"1492","Kamunya","2022","1"
"1495","Dixon et al.","2020","2"
"1498","Dixon et al.","2020","2"
"1498","UN","2020","1"
"1498","UNFCCC","2020","1"
"1499","UN","2020","1"
"1499","UNFCCC","2020","1"
"1501","Thierfelder","2021","1"
"1501","USAID","2016","1"
"1501","Verhage et al.","2018","1"
"1502","Thierfelder","2021","1"
"1502","USAID","2016","1"
"1502","Verhage et al.","2018","1"
"1503","Thierfelder","2021","1"
"1503","USAID","2016","1"
"1503","Verhage et al.","2018","1"
"1504","Thierfelder","2021","1"
"1504","USAID","2016","1"
"1504","Verhage et al.","2018","1"
"1505","Thierfelder","2021","1"
"1505","USAID","2016","1"
"1505","Verhage et al.","2018","1"
"1506","Haarhoff et al.","2020","1"
"1506","USAID","2016","1"
"1506","Verhage et al.","2018","1"
"1507","Thierfelder","2021","1"
"1507","USAID","2016","1"
"1507","Verhage et al.","2018","1"
"1508","Thierfelder","2021","1"
"1508","USAID","2016","1"
"1508","Verhage et al.","2018","1"
"1509","Thierfelder","2021","1"
"1509","USAID","2016","1"
"1509","Verhage et al.","2018","1"
"1510","Adhikari et al.","2015","1"
"1510","IPCCC","2022","1"
"1510","Lobell et al.","2011","1"
"1510","Msowoya et al.","2016","1"
"1510","Thierfelder","2021","1"
"1510","USAID","2016","1"
"1510","Verhage et al.","2018","1"
"1511","Thierfelder","2021","1"
"1511","USAID","2016","1"
"1511","Verhage et al.","2018","1"
"1512","Thierfelder","2021","1"
"1512","USAID","2016","1"
"1512","Verhage et al.","2018","1"
"1513","Thierfelder","2021","1"
"1513","USAID","2016","1"
"1513","Verhage et al.","2018","1"
"1514","Thierfelder","2021","1"
"1514","USAID","2016","1"
"1514","Verhage et al.","2018","1"
"1515","Thierfelder","2021","1"
"1515","USAID","2016","1"
"1515","Verhage et al.","2018","1"
"1516","Thierfelder","2021","1"
"1516","USAID","2016","1"
"1516","Verhage et al.","2018","1"
"1517","Thierfelder","2021","1"
"1517","USAID","2016","1"
"1517","Verhage et al.","2018","1"
"1519","Thierfelder","2021","1"
"1519","USAID","2016","1"
"1519","Verhage et al.","2018","1"
"1520","Tesfaye et al.","2015","1"
"1521","Thierfelder","2021","1"
"1521","USAID","2016","1"
"1521","Verhage et al.","2018","1"
"1525","Tesfaye et al.","2015","1"
"1526","CIAT and World Bank","2017","2"
"1526","Msowoya et al.","2016","1"
"1526","Thierfelder","2021","1"
"1526","USAID","2016","1"
"1526","Verhage et al.","2018","1"
"1527","CIAT and World Bank","2017","2"
"1527","Thierfelder","2021","1"
"1527","USAID","2016","1"
"1527","Verhage et al.","2018","1"
"1528","CIAT and World Bank","2017","2"
"1528","Thierfelder","2021","1"
"1528","USAID","2016","1"
"1528","Verhage et al.","2018","1"
"1529","Thierfelder","2021","1"
"1529","USAID","2016","1"
"1529","Verhage et al.","2018","1"
"1530","Thierfelder","2021","1"
"1530","USAID","2016","1"
"1530","Verhage et al.","2018","1"
"1534","Thierfelder","2021","1"
"1534","UNFCCC","2020","1"
"1534","USAID","2016","1"
"1534","Verhage et al.","2018","1"
"1535","Thierfelder","2021","1"
"1535","USAID","2016","1"
"1535","Verhage et al.","2018","1"
"1536","Thierfelder","2021","1"
"1536","USAID","2016","1"
"1536","Verhage et al.","2018","1"
"1537","Thierfelder","2021","1"
"1537","USAID","2016","1"
"1537","Verhage et al.","2018","1"
"1538","Thierfelder","2021","1"
"1538","USAID","2016","1"
"1538","Verhage et al.","2018","1"
"1539","Thierfelder","2021","1"
"1539","USAID","2016","1"
"1539","Verhage et al.","2018","1"
"1540","Thierfelder","2021","1"
"1540","USAID","2016","1"
"1540","Verhage et al.","2018","1"
"1541","Thierfelder","2021","1"
"1541","USAID","2016","1"
"1541","Verhage et al.","2018","1"
"1542","Thierfelder","2021","1"
"1542","USAID","2016","1"
"1542","Verhage et al.","2018","1"
"1543","Msowoya et al.","2016","1"
"1543","USAID","2016","1"
"1543","Verhage et al.","2018","1"
"1544","Msowoya et al.","2016","1"
"1544","Mulungu and Ng'ombe","2019","1"
"1544","Thierfelder","2021","1"
"1544","Verhage et al.","2018","1"
"1545","CIAT and World Bank","2017","2"
"1545","Thierfelder","2021","1"
"1545","Verhage et al.","2018","1"
"1546","CIAT and World Bank","2017","2"
"1546","Msowoya et al.","2016","1"
"1546","Thierfelder","2021","1"
"1546","Verhage et al.","2018","1"
"1547","Thierfelder","2021","1"
"1548","CIAT and World Bank","2017","2"
"1548","Msowoya et al.","2016","1"
"1548","Mulungu and Ng'ombe","2019","1"
"1548","Rurinda et al.","2015","1"
"1548","Thierfelder","2021","1"
"1549","CIAT and World Bank","2017","2"
"1549","Thierfelder","2021","1"
"1549","Verhage et al.","2018","1"
"1550","CIAT and World Bank","2017","2"
"1550","Thierfelder","2021","1"
"1550","Verhage et al.","2018","1"
"1551","CIAT and World Bank","2017","2"
"1551","Thierfelder","2021","1"
"1552","CIAT and World Bank","2017","2"
"1552","Haarhoff et al.","2020","1"
"1553","CIAT and World Bank","2017","2"
"1553","Msowoya et al.","2016","1"
"1553","Thierfelder","2021","1"
"1553","Verhage et al.","2018","1"
"1558","Thierfelder","2021","1"
"1559","Tesfaye et al.","2015","1"
"1559","Thierfelder","2021","1"
"1560","USAID","2016","1"
"1561","Thierfelder","2021","1"
"1561","Verhage et al.","2018","1"
"1562","Thierfelder","2021","1"
"1562","Verhage et al.","2018","1"
"1563","Tesfaye et al.","2015","1"
"1563","Thierfelder","2021","1"
"1563","Verhage et al.","2018","1"
"1567","Dixon et al.","2020","2"
"1567","Verhage et al.","2018","1"
"1568","Tesfaye et al.","2015","1"
"1568","UNFCCC","2020","1"
"1570","Biasutti","2019","1"
"1570","UNHCR","2022","1"
"1570","USAID","2017","3"
"1570","USGS and USAID","2012","1"
"1571","Biasutti","2019","1"
"1571","CIAT and USAID","2016","1"
"1571","UNHCR","2022","1"
"1572","Filho et al.","2020","1"
"1572","Thornton et al.","2009","2"
"1572","USGS and USAID","2012","1"
"1572","Zougmore et al.","2016","1"
"1573","Biasutti","2019","1"
"1573","CIAT and USAID","2016","1"
"1573","Sissoko et al.","2010","1"
"1573","USGS and USAID","2012","1"
"1574","CIAT and USAID","2016","1"
"1574","Filho et al.","2020","1"
"1574","Mertz et al.","2008","1"
"1574","Sissoko et al.","2010","1"
"1574","UNHCR","2022","1"
"1574","USAID","2017","3"
"1574","USGS and USAID","2012","1"
"1575","UNHCR","2022","1"
"1576","Mertz et al.","2008","1"
"1577","Filho et al.","2020","1"
"1577","Thornton et al.","2009","2"
"1577","UNHCR","2022","1"
"1577","World Bank","2015","2"
"1578","Filho et al.","2020","1"
"1578","Thornton et al.","2009","2"
"1579","Dixon et al.","2020","2"
"1579","Filho et al.","2020","1"
"1579","Herrero et al.","2016","1"
"1579","Thornton et al.","2009","2"
"1580","Dixon et al.","2020","2"
"1580","Filho et al.","2020","1"
"1580","Thornton et al.","2009","2"
"1581","Herrero et al.","2016","1"
"1582","Filho et al.","2020","1"
"1583","CIAT and USAID","2016","1"
"1583","Filho et al.","2020","1"
"1583","Thornton et al.","2009","2"
"1584","World Bank","2015","2"
"1585","Filho et al.","2020","1"
"1585","Thornton et al.","2009","2"
"1585","UNHCR","2022","1"
"1585","World Bank","2015","2"
"1586","Fall","2022","1"
"1587","Dixon et al.","2020","2"
"1587","Filho et al.","2020","1"
"1591","Dixon et al.","2020","2"
"1592","CIAT and USAID","2016","1"
"1592","Filho et al.","2020","1"
"1592","Zougmore et al.","2016","1"
"1593","Filho et al.","2020","1"
"1593","Zougmore et al.","2016","1"
"1598","Thornton et al.","2009","2"
"1598","Zougmore et al.","2016","1"
"1599","Zougmore et al.","2016","1"
"1602","Dixon et al.","2020","2"
"1602","World Bank","2015","2"
"1603","Dixon et al.","2020","2"
"1603","World Bank","2015","2"
"1605","Dixon et al.","2020","2"
"1606","Zougmore et al.","2016","1"
"1607","CIAT and USAID","2016","1"
"1608","Zougmore et al.","2016","1"
"1609","Dixon et al.","2020","2"
"1609","Zougmore et al.","2016","1"
"1610","Dixon et al.","2020","2"
"1610","OECD","2008","1"
"1610","Thornton et al.","2009","2"
"1610","UNHCR","2022","1"
"1611","Dixon et al.","2020","2"
"1611","Tschakert","2007","1"
"1612","Dixon et al.","2020","2"
"1612","Thornton et al.","2009","2"
"1613","Dixon et al.","2020","2"
"1613","Herrero et al.","2016","1"
"1613","Zougmore et al.","2016","1"
"1614","Zougmore et al.","2016","1"
"1618","Dixon et al.","2020","2"
"1618","Zougmore et al.","2016","1"
"1619","Dixon et al.","2020","2"
"1620","Herrero et al.","2016","1"
"1621","Dixon et al.","2020","2"
"1622","CIAT and USAID","2016","1"
"1622","Dixon et al.","2020","2"
"1622","Herrero et al.","2016","1"
"1622","Sissoko et al.","2010","1"
"1622","Zougmore et al.","2016","1"
"1623","Dixon et al.","2020","2"
"1623","Herrero et al.","2016","1"
"1624","CIAT and USAID","2016","1"
"1624","Dixon et al.","2020","2"
"1624","Herrero et al.","2016","1"
"1624","OECD","2008","1"
"1624","Zougmore et al.","2016","1"
"1625","Dixon et al.","2020","2"
"1625","Herrero et al.","2016","1"
"1626","Flintan et al.","2022","1"
"1627","Dixon et al.","2020","2"
"1627","Zougmore et al.","2016","1"
"1628","OECD","2008","1"
"1628","Sissoko et al.","2010","1"
"1631","CIAT and USAID","2016","1"
"1631","Dixon et al.","2020","2"
"1631","Herrero et al.","2016","1"
"1631","OECD","2008","1"
"1632","CIAT and USAID","2016","1"
"1632","Dixon et al.","2020","2"
"1632","Herrero et al.","2016","1"
"1632","OECD","2008","1"
"1633","Dixon et al.","2020","2"
"1634","Dixon et al.","2020","2"
"1635","CIAT and USAID","2016","1"
"1635","World Bank","2015","2"
"1636","Dixon et al.","2020","2"
"1636","Zougmore et al.","2016","1"
"1637","CIAT and USAID","2016","1"
"1637","OECD","2008","1"
"1637","World Bank","2015","2"
"1640","Herrero et al.","2016","1"
"1640","Sissoko et al.","2010","1"
"1641","Herrero et al.","2016","1"
"1641","OECD","2008","1"
"1642","Dixon et al.","2020","2"
"1642","Herrero et al.","2016","1"
"1642","OECD","2008","1"
"1643","CIAT and USAID","2016","1"
"1643","World Bank","2015","2"
"1646","Dixon et al.","2020","2"
"1647","Dixon et al.","2020","2"
"1647","Herrero et al.","2016","1"
"1648","Dixon et al.","2020","2"
"1648","OECD","2008","1"
"1648","Thornton et al.","2009","2"
"1648","UNHCR","2022","1"
"1649","Owusu et al.","2020","1"
"1649","Sagoe","2006","1"
"1649","USAID","2017","5"
"1649","World Bank","2021","10"
"1650","Chemura et al.","2020","1"
"1650","Owusu et al.","2020","1"
"1650","Sagoe","2006","1"
"1650","USAID","2017","5"
"1650","World Bank","2021","10"
"1651","Chemura et al.","2020","1"
"1651","Owusu et al.","2020","1"
"1651","Sagoe","2006","1"
"1651","USAID","2017","5"
"1652","Dixon et al.","2020","2"
"1652","Owusu et al.","2020","1"
"1652","Sagoe","2006","1"
"1652","USAID","2017","5"
"1653","Owusu et al.","2020","1"
"1653","Sagoe","2006","1"
"1653","USAID","2017","5"
"1654","Chemura et al.","2020","1"
"1654","Owusu et al.","2020","1"
"1654","Sagoe","2006","1"
"1654","USAID","2017","5"
"1654","World Bank","2021","10"
"1655","Owusu et al.","2020","1"
"1655","Sagoe","2006","1"
"1655","USAID","2017","5"
"1655","World Bank","2021","10"
"1656","Chemura et al.","2020","1"
"1657","Dixon et al.","2020","2"
"1657","Owusu et al.","2020","1"
"1657","Sagoe","2006","1"
"1657","USAID","2017","5"
"1658","Sagoe","2006","1"
"1658","USAID","2017","5"
"1658","World Bank","2021","10"
"1659","World Bank","2021","10"
"1660","World Bank","2021","10"
"1661","World Bank","2021","10"
"1662","Owusu et al.","2020","1"
"1662","Sagoe","2006","1"
"1662","USAID","2017","5"
"1662","World Bank","2021","10"
"1663","Dixon et al.","2020","2"
"1664","Owusu et al.","2020","1"
"1664","Sagoe","2006","1"
"1664","USAID","2017","5"
"1665","Botchway et al.","2018","1"
"1665","Dixon et al.","2020","2"
"1665","USAID","2017","5"
"1665","World Bank","2021","10"
"1666","Owusu et al.","2020","1"
"1666","Sagoe","2006","1"
"1666","USAID","2017","5"
"1666","World Bank","2021","10"
"1667","Owusu et al.","2020","1"
"1667","Sagoe","2006","1"
"1667","USAID","2017","5"
"1667","World Bank","2021","10"
"1668","Oteng-Darko","2022","1"
"1669","World Bank","2021","10"
"1670","USAID","2017","5"
"1675","USAID","2017","5"
"1675","World Bank","2021","10"
"1676","Owusu et al.","2020","1"
"1678","Dixon et al.","2020","2"
"1678","Sagoe","2006","1"
"1678","USAID","2017","5"
"1679","Acheampong et al.","2021","1"
"1679","Dixon et al.","2020","2"
"1679","Osei-Adu et al.","2016","1"
"1679","Owusu et al.","2020","1"
"1679","Sagoe","2006","1"
"1679","USAID","2017","5"
"1680","Chemura et al.","2020","1"
"1680","Dixon et al.","2020","2"
"1680","Sagoe","2006","1"
"1680","USAID","2017","5"
"1681","Dixon et al.","2020","2"
"1681","USAID","2017","5"
"1682","Dixon et al.","2020","2"
"1682","Sagoe","2006","1"
"1682","USAID","2017","5"
"1683","Acheampong et al.","2021","1"
"1683","Sagoe","2006","1"
"1683","USAID","2017","5"
"1684","Sagoe","2006","1"
"1684","USAID","2017","5"
"1685","Dixon et al.","2020","2"
"1685","World Bank","2021","10"
"1687","Acheampong et al.","2021","1"
"1687","GEPA","2017","1"
"1687","Osei-Adu et al.","2016","1"
"1687","Sagoe","2006","1"
"1688","Sagoe","2006","1"
"1688","USAID","2017","5"
"1689","Sagoe","2006","1"
"1689","USAID","2017","5"
"1690","Dixon et al.","2020","2"
"1690","Sagoe","2006","1"
"1690","USAID","2017","5"
"1691","Dixon et al.","2020","2"
"1691","Sagoe","2006","1"
"1691","USAID","2017","5"
"1691","World Bank","2021","10"
"1692","Acheampong et al.","2021","1"
"1692","Dixon et al.","2020","2"
"1692","Sagoe","2006","1"
"1692","USAID","2017","5"
"1694","Sagoe","2006","1"
"1694","USAID","2017","5"
"1695","Osei-Adu et al.","2016","1"
"1696","Dixon et al.","2020","2"
"1696","Ferraro et al.","2015","1"
"1696","Sagoe","2006","1"
"1696","USAID","2017","5"
"1697","Acheampong et al.","2021","1"
"1697","Dixon et al.","2020","2"
"1697","Osei-Adu et al.","2016","1"
"1697","Owusu et al.","2020","1"
"1697","Sagoe","2006","1"
"1697","USAID","2017","5"
"1698","Dixon et al.","2020","2"
"1699","Owusu et al.","2020","1"
"1699","Sagoe","2006","1"
"1700","Chemura et al.","2020","1"
"1700","Owusu et al.","2020","1"
"1701","Owusu et al.","2020","1"
"1701","Sagoe","2006","1"
"1702","Owusu et al.","2020","1"
"1702","Sagoe","2006","1"
"1703","Dixon et al.","2020","2"
"1703","Owusu et al.","2020","1"
"1703","Sagoe","2006","1"
"1703","World Bank","2021","10"
"1704","Dixon et al.","2020","1"
"1705","Dixon et al.","2020","2"
"1705","Owusu et al.","2020","1"
"1705","Sagoe","2006","1"
"1706","Dixon et al.","2020","2"
"1707","Owusu et al.","2020","1"
"1707","Sagoe","2006","1"
"1708","Dixon et al.","2020","2"
"1708","Owusu et al.","2020","1"
"1708","World Bank","2021","10"
"1709","Owusu et al.","2020","1"
"1709","Sagoe","2006","1"
"1710","Owusu et al.","2020","1"
"1710","Sagoe","2006","1"
"1711","Owusu et al.","2020","1"
"1712","Chemura et al.","2020","1"
"1712","Dixon et al.","2020","2"
"1713","Acheampong et al.","2021","1"
"1713","Owusu et al.","2020","1"
"1713","World Bank","2021","10"
"1714","Owusu et al.","2020","1"
"1714","World Bank","2021","10"
"1715","Dixon et al.","2020","2"
"1716","Acheampong et al.","2021","1"
"1718","Chemura et al.","2020","1"
"1718","Dixon et al.","2020","2"
"1719","Dixon et al.","2020","2"
"1721","Owusu et al.","2020","1"
"1721","Sagoe","2006","1"
"1722","Dixon et al.","2020","2"
"1722","Osei-Adu et al.","2016","1"
"1722","Owusu et al.","2020","1"
"1722","Sagoe","2006","1"
"1723","Dixon et al.","2020","2"
"1723","Osei-Adu et al.","2016","1"
"1723","Owusu et al.","2020","1"
"1723","Sagoe","2006","1"
"1724","Owusu et al.","2020","1"
"1724","World Bank","2021","10"
"1725","Dixon et al.","2020","2"
"1725","Sagoe","2006","1"
"1726","Dixon et al.","2020","2"
"1726","Osei-Adu et al.","2016","1"
"1726","Owusu et al.","2020","1"
"1726","Sagoe","2006","1"
"1728","Dixon et al.","2020","2"
"1729","Osei-Adu et al.","2016","1"
"1730","Owusu et al.","2020","1"
"1730","Sagoe","2006","1"
"1731","Dixon et al.","2020","2"
"1732","Dixon et al.","2020","2"
"1733","Chemura et al.","2020","1"
"1736","Dixon et al.","2020","2"
"1736","Sagoe","2006","1"
"1737","Acheampong et al.","2021","1"
"1737","Dixon et al.","2020","2"
"1737","Osei-Adu et al.","2016","1"
"1737","Owusu et al.","2020","1"
"1737","Sagoe","2006","1"
"1737","USAID","2017","5"
"1738","Owusu et al.","2020","1"
"1738","Sagoe","2006","1"