"Resource ID","Resource year","ID","Number"
"Mulungu and Ng'ombe","2019","1544","1"
"Mulungu and Ng'ombe","2019","1548","1"
"Abiy et al.","2019","1104","1"
"Abumoghli and Goncalves","2016","895","1"
"Acheampong et al.","2021","1683","1"
"Acheampong et al.","2021","1687","1"
"Acheampong et al.","2021","1692","1"
"Acheampong et al.","2021","1713","1"
"Acheampong et al.","2021","1716","1"
"ADB","2014","933","1"
"ADB","2014","975","1"
"ADB","2016","1332","1"
"Adhikari et al.","2015","1510","1"
"Akam and Gruere","2018","2","1"
"Akam and Gruere","2018","20","1"
"Akam and Gruere","2018","36","1"
"Akam and Gruere","2018","37","1"
"Akam and Gruere","2018","9","1"
"Akam and Gruere","2018","19","1"
"Akinyi et al.","2021","1316","1"
"Akter","2021","211","1"
"Al-Riffai and Breisinger","2012","878","1"
"Alam et al.","2021","1140","1"
"Alam et al.","2021","1147","1"
"Alemu et al.","2011","1297","1"
"Alemu et al.","2011","1315","1"
"Almeida","2015","523","1"
"Amin et al.","2015","1111","1"
"Amin et al.","2015","1151","1"
"Amin et al.","2015","1100","1"
"Amin et al.","2015","1108","1"
"Amin et al.","2015","1115","1"
"Amin et al.","2015","1129","1"
"Amir Kassam et al.","2022","1338","1"
"Amir Kassam et al.","2022","1339","1"
"Amir Kassam et al.","2022","1342","1"
"Anbumozhi et al.","2012","103","1"
"Armenteras et al.","2021","453","1"
"Armenteras et al.","2021","455","1"
"Arshad et al.","2016","1033","1"
"Arshad et al.","2016","1024","1"
"Arshad et al.","2016","1029","1"
"Arshad et al.","2016","1041","1"
"Arshad et al.","2016","1058","1"
"Arshad et al.","2016","1084","1"
"Arshad et al.","2016","1085","1"
"Arshad et al.","2016","1025","1"
"Arshad et al.","2016","1036","1"
"Arshad et al.","2016","1040","1"
"Arshad et al.","2016","1057","1"
"Arshad et al.","2016","1063","1"
"Arshad et al.","2016","1064","1"
"Arshad et al.","2016","1065","1"
"Arshad et al.","2016","1081","1"
"Arshad et al.","2016","1086","1"
"Aryal et al.","20","1108","1"
"Aryal et al.","20","1110","1"
"Aryal et al.","20","1092","1"
"Aryal et al.","20","1094","1"
"Aryal et al.","20","1098","1"
"Aryal et al.","20","1111","1"
"Aryal et al.","20","1112","1"
"Aryal et al.","20","1114","1"
"Aryal et al.","20","1116","1"
"Aryal et al.","20","1120","1"
"Aryal et al.","20","1122","1"
"Aryal et al.","20","1123","1"
"Aryal et al.","20","1125","1"
"Aryal et al.","20","1135","1"
"Aryal et al.","20","1137","1"
"Aryal et al.","20","1138","1"
"Aryal et al.","20","1139","1"
"Aryal et al.","20","1140","1"
"Aryal et al.","20","1152","1"
"Aryal et al.","20","1155","1"
"Aryal et al.","20","1157","1"
"Aryal et al.","20","1158","1"
"Aryal et al.","20","1159","1"
"Aryal et al.","20","1160","1"
"Aryal et al.","2021","1096","1"
"Aryal et al.","2021","1087","1"
"Aryal et al.","2021","1088","1"
"Aryal et al.","2021","1089","1"
"Aryal et al.","2021","1093","1"
"Aryal et al.","2021","1101","1"
"Aryal et al.","2021","1106","1"
"Aryal et al.","2021","1107","1"
"ASEAN","2021","149","1"
"ASEAN","2021","150","1"
"ASEAN","2021","151","1"
"ASEAN","2021","180","1"
"ASEAN","2021","155","1"
"ASEAN","2021","156","1"
"ASEAN","2021","157","1"
"ASEAN","2021","159","1"
"ASEAN","2021","160","1"
"ASEAN","2021","167","1"
"ASEAN","2021","172","1"
"ASEAN","2021","184","1"
"ASEAN","2021","186","1"
"ASEAN","2021","187","1"
"ASEAN","2021","196","1"
"ASEAN","2021","201","1"
"ASEAN","2021","231","1"
"Ayantunde at al.","2011","1218","1"
"Ayantunde at al.","2011","1185","1"
"Ayantunde at al.","2011","1202","1"
"Ayantunde at al.","2011","1210","1"
"Ayantunde at al.","2011","1228","1"
"Ayantunde at al.","2011","1228","1"
"Ayantunde at al.","2011","1233","1"
"Ayantunde at al.","2011","1259","1"
"Ayantunde at al.","2011","1260","1"
"Ayantunde at al.","2011","1262","1"
"Baird et al.","2021","27","1"
"Banerjee et al.","2021","243","1"
"Banerjee et al.","2021","274","1"
"Banerjee et al.","2021","314","1"
"Banerjee et al.","2021","353","1"
"Banerjee et al.","2021","261","1"
"Banerjee et al.","2021","262","1"
"Banerjee et al.","2021","268","1"
"Banerjee et al.","2021","269","1"
"Banerjee et al.","2021","281","1"
"Baron and Govaerts","2021","588","1"
"Baron and Govaerts","2021","590","1"
"Baron and Govaerts","2021","614","1"
"Baron and Govaerts","2021","615","1"
"Bauer","2008","99","1"
"Bauer","2008","110","1"
"Bell and Taylor","2015","163","1"
"Bell and Taylor","2015","164","1"
"Bell and Taylor","2015","149","1"
"Bell and Taylor","2015","150","1"
"Bell and Taylor","2015","151","1"
"Bell and Taylor","2015","152","1"
"Bell and Taylor","2015","153","1"
"Bell and Taylor","2015","154","1"
"Bell and Taylor","2015","166","1"
"Bell and Taylor","2015","178","1"
"Bell and Taylor","2015","191","1"
"Bell and Taylor","2015","192","1"
"Bell and Taylor","2015","199","1"
"Bera and Sarkar","2021","1141","1"
"Bera and Sarkar","2021","1143","1"
"Bera and Sarkar","2021","1145","1"
"Bera and Sarkar","2021","1146","1"
"Bergmann et al.","2021","483","1"
"Bergmann et al.","2021","519","1"
"Bergmann et al.","2021","520","1"
"Bergmann et al.","2021","521","1"
"Bergmann et al.","2021","527","1"
"Bergmann et al.","2021","528","1"
"Bergmann et al.","2021","559","1"
"Bergmann et al.","2021","515","1"
"Bergmann et al.","2021","529","1"
"Bergmann et al.","2021","530","1"
"Bergmann et al.","2021","539","1"
"Bergmann et al.","2021","557","1"
"Bergmann et al.","2021","558","1"
"Bhatla et al.","2019","1026","1"
"Bhatla et al.","2019","1027","1"
"Bhatla et al.","2019","1028","1"
"Bhatt et al.","2016","1050","1"
"Bhatt et al.","2016","1051","1"
"Bhatt et al.","2016","1066","1"
"Bhatt et al.","2016","1029","1"
"Bhatt et al.","2016","1031","1"
"Bhatt et al.","2016","1037","1"
"Bhatt et al.","2016","1039","1"
"Bhatt et al.","2016","1041","1"
"Bhatt et al.","2016","1045","1"
"Bhatt et al.","2016","1046","1"
"Bhatt et al.","2016","1052","1"
"Bhatt et al.","2016","1053","1"
"Bhatt et al.","2016","1054","1"
"Bhatt et al.","2016","1056","1"
"Bhatt et al.","2016","1058","1"
"Bhatt et al.","2016","1067","1"
"Bhatt et al.","2016","1071","1"
"Bhatt et al.","2016","1084","1"
"Bhatt et al.","2016","1085","1"
"Bhatt et al.","2021","1072","1"
"Bhatt et al.","2021","1031","1"
"Bhatt et al.","2021","1051","1"
"Bhatt et al.","2021","1053","1"
"Bhatt et al.","2021","1056","1"
"Bhatt et al.","2021","1067","1"
"Bhatt et al.","2021","1073","1"
"Bhatt et al.","2021","1074","1"
"Bhatt et al.","2021","1075","1"
"Biasutti","2019","1570","1"
"Biasutti","2019","1571","1"
"Biasutti","2019","1573","1"
"Biasutti","2019","1163","1"
"Bjornlund et al.","20","1282","2"
"Bjornlund et al.","2022","1287","5"
"Bjornlund et al.","2022","1340","5"
"Bohn et al.","2018","594","1"
"Bohn et al.","2018","572","1"
"Bohn et al.","2018","573","1"
"Bohn et al.","2018","579","1"
"Bohn et al.","2018","583","1"
"Bongase","2017","1440","1"
"Borghesi and Ticci","2019","850","1"
"Botchway et al.","2018","1665","1"
"Carandang","20","149","1"
"Carandang","20","151","1"
"Carandang","20","184","1"
"Carandang","20","192","1"
"Carandang","20","212","1"
"Carandang","20","214","1"
"Carandang","20","220","1"
"Carandang","20","222","1"
"Carandang","20","209","1"
"CCAFS","2016","2","1"
"CCAFS","2016","3","1"
"CCAFS","2016","4","1"
"CCAFS","2016","9","1"
"CCAFS","2016","10","1"
"CCAFS","2016","20","1"
"CCAFS","2016","51","1"
"CCAFS","2016","22","1"
"CCAFS","2016","23","1"
"CCAFS","2016","27","1"
"CCAFS","2016","30","1"
"CCAFS","2016","36","1"
"CCAFS","2016","37","1"
"CCAFS","2016","42","1"
"CCAFS","2016","44","1"
"CCAFS","2016","46","1"
"CCAFS","2016","47","1"
"CCAFS","2016","48","1"
"CCAFS","2016","49","1"
"CCAFS","2016","50","1"
"CCAFS","2016","53","1"
"CCAFS","2016","54","1"
"CCAFS","2016","55","1"
"CCAFS","2016","56","1"
"CCAFS","2016","21","1"
"CDKN","2014","616","1"
"CDKN","2014","617","1"
"CDKN","2014","618","1"
"CDKN","2014","622","1"
"CDKN","2014","634","1"
"CDKN","2014","648","1"
"Cerrato et al.","2022","588","1"
"Cerrato et al.","2022","592","1"
"Cerrato et al.","2022","607","1"
"Chandel et al.","2022","1060","1"
"Chapman and Darby","2016","23","1"
"Chapman and Darby","2016","34","1"
"Chapman and Darby","2016","42","1"
"Chapman and Darby","2016","43","1"
"Chapman and Darby","2016","53","1"
"Chapman et al.","20","1293","1"
"Chapman et al.","20","1309","1"
"Chemura et al.","20","1650","1"
"Chemura et al.","20","1651","1"
"Chemura et al.","20","1654","1"
"Chemura et al.","20","1680","1"
"Chemura et al.","20","1712","1"
"Chemura et al.","20","1656","1"
"Chemura et al.","20","1700","1"
"Chemura et al.","20","1718","1"
"Chemura et al.","20","1733","1"
"Cheserek et al.","2015","1441","1"
"Cheserek et al.","2015","1425","1"
"Cheserek et al.","2015","1427","1"
"Cheserek et al.","2015","1428","1"
"Cheserek et al.","2015","1429","1"
"Cheserek et al.","2015","1431","1"
"Cheserek et al.","2015","1439","1"
"Cheserek et al.","2015","1440","1"
"Chimhowu","2019","1333","1"
"Chinseu et al.","2022","1325","1"
"Chávez and Takahashi","2017","484","1"
"Chávez and Takahashi","2017","494","1"
"CIAT and USAID","2016","1571","1"
"CIAT and USAID","2016","1573","1"
"CIAT and USAID","2016","1574","1"
"CIAT and USAID","2016","1583","1"
"CIAT and USAID","2016","1592","1"
"CIAT and USAID","2016","1607","1"
"CIAT and USAID","2016","1622","1"
"CIAT and USAID","2016","1624","1"
"CIAT and USAID","2016","1631","1"
"CIAT and USAID","2016","1632","1"
"CIAT and USAID","2016","1635","1"
"CIAT and USAID","2016","1637","1"
"CIAT and USAID","2016","1643","1"
"CIAT and USAID","2016","1162","1"
"CIAT and USAID","2016","1163","1"
"CIAT and USAID","2016","1164","1"
"CIAT and USAID","2016","1175","1"
"CIAT and World Bank","2017","358","1"
"CIAT and World Bank","2017","383","1"
"CIAT and World Bank","2017","1526","1"
"CIAT and World Bank","2017","1527","1"
"CIAT and World Bank","2017","1528","1"
"CIAT and World Bank","2017","1545","1"
"CIAT and World Bank","2017","1546","1"
"CIAT and World Bank","2017","1548","1"
"CIAT and World Bank","2017","1549","1"
"CIAT and World Bank","2017","1550","1"
"CIAT and World Bank","2017","1551","1"
"CIAT and World Bank","2017","1553","1"
"CIAT and World Bank","2017","1552","1"
"CIAT","2011","1425","1"
"CIAT","2011","1428","1"
"CIAT","2011","1429","1"
"CIAT","2011","1433","1"
"CIAT","2011","1441","1"
"CIAT","2011","1477","1"
"CIAT","2011","1485","1"
"CIMMYT","2013","293","1"
"CIMMYT","2013","300","1"
"Claudia and Renaud","2012","6","1"
"Claudia and Renaud","2012","8","1"
"Claudia and Renaud","2012","34","1"
"Claudia and Renaud","2012","46","1"
"Claudia and Renaud","2012","54","1"
"Claudia and Renaud","2012","56","1"
"Cohn et al.","2013","453","1"
"Connolly-Boutin et al.","2016","1341","1"
"Coulibaly et al.","2022","1304","1"
"Coulibaly et al.","2022","1304","1"
"Coulibaly et al.","2022","1314","1"
"Coulibaly et al.","2022","1314","1"
"Coulibaly et al.","2022","1336","1"
"Cramb et al.","2015","49","1"
"Cramb et al.","2015","50","1"
"Cramb et al.","2015","2","1"
"Cramb et al.","2015","8","1"
"Cramb et al.","2015","10","1"
"Cramb et al.","2015","45","1"
"Cramb et al.","2015","51","1"
"Curran et al.","2018","1300","1"
"Daloz et al.","2021","1024","1"
"Daloz et al.","2021","1026","1"
"Daloz et al.","2021","1027","1"
"Daloz et al.","2021","1028","1"
"Davis et al.","2012","1438","1"
"Davis et al.","2012","1441","1"
"de Andrade et al.","2017","445","1"
"Debela et al.","2015","1254","1"
"Deep et al.","2018","1118","1"
"Deep et al.","2018","1145","1"
"Deep et al.","2018","1151","1"
"Deep et al.","2018","1155","1"
"Deep et al.","2018","1119","1"
"Deep et al.","2018","1142","1"
"Deep et al.","2018","1144","1"
"Deep et al.","2018","1153","1"
"Devendra","2012","102","1"
"Devendra","2012","102","1"
"Devendra","2012","111","1"
"Devendra","2012","111","1"
"Devkota and Yigezu","20","748","1"
"Devkota et al.","2022","711","1"
"Devkota et al.","2022","719","1"
"Devkota et al.","2022","725","1"
"Devkota et al.","2022","742","1"
"Devkota et al.","2022","753","1"
"Devkota et al.","2022","754","1"
"Devkota et al.","2022","739","1"
"Devkota et al.","2022","743","1"
"Dhanda et al.","2022","1031","1"
"Dhanda et al.","2022","1050","1"
"Dhanda et al.","2022","1057","1"
"Dhanda et al.","2022","1067","1"
"Dhanda et al.","2022","1068","1"
"Dhanda et al.","2022","1071","1"
"Dhanda et al.","2022","1072","1"
"Dhanda et al.","2022","1073","1"
"Dhanda et al.","2022","1074","1"
"Dhanda et al.","2022","1075","1"
"Dhanda et al.","2022","1078","1"
"Dhanda et al.","2022","1080","1"
"Dhanda et al.","2022","1086","1"
"DI Rodríguez et al.","2016","381","1"
"DI Rodríguez et al.","2016","375","1"
"Diana et al.","2022","161","1"
"Diana et al.","2022","178","1"
"Diana et al.","2022","184","1"
"Diana et al.","2022","199","1"
"Diana et al.","2022","178","1"
"Diana et al.","2022","183","1"
"Diana et al.","2022","193","1"
"Diana et al.","2022","194","1"
"Diana et al.","2022","195","1"
"Diana et al.","2022","199","1"
"Diana et al.","2022","205","1"
"Diana et al.","2022","206","1"
"Diana et al.","2022","219","1"
"Diana et al.","2022","220","1"
"Diana et al.","2022","221","1"
"Dixon et al.","2001","232","1"
"Dixon et al.","2001","34","1"
"Dixon et al.","2001","167","1"
"Dixon et al.","2001","175","1"
"Dixon et al.","2001","176","1"
"Dixon et al.","2001","177","1"
"Dixon et al.","2001","178","1"
"Dixon et al.","2001","181","1"
"Dixon et al.","2001","183","1"
"Dixon et al.","2001","186","1"
"Dixon et al.","2001","195","1"
"Dixon et al.","2001","196","1"
"Dixon et al.","2001","198","1"
"Dixon et al.","2001","199","1"
"Dixon et al.","2001","201","1"
"Dixon et al.","2001","203","1"
"Dixon et al.","2001","206","1"
"Dixon et al.","2001","207","1"
"Dixon et al.","2001","209","1"
"Dixon et al.","2001","212","1"
"Dixon et al.","2001","213","1"
"Dixon et al.","2001","226","1"
"Dixon et al.","2001","231","1"
"Dixon et al.","2001","580","1"
"Dixon et al.","2001","594","1"
"Dixon et al.","2001","733","1"
"Dixon et al.","2001","740","1"
"Dixon et al.","2001","742","1"
"Dixon et al.","2001","743","1"
"Dixon et al.","2001","754","1"
"Dixon et al.","2001","1043","1"
"Dixon et al.","2001","1093","1"
"Dixon et al.","2001","51","1"
"Dixon et al.","2001","25","1"
"Dixon et al.","2001","33","1"
"Dixon et al.","2001","36","1"
"Dixon et al.","2001","37","1"
"Dixon et al.","2001","41","1"
"Dixon et al.","2001","57","1"
"Dixon et al.","2001","65","1"
"Dixon et al.","2001","170","1"
"Dixon et al.","2001","197","1"
"Dixon et al.","2001","202","1"
"Dixon et al.","2001","204","1"
"Dixon et al.","2001","214","1"
"Dixon et al.","2001","225","1"
"Dixon et al.","2001","230","1"
"Dixon et al.","2001","613","1"
"Dixon et al.","2001","692","1"
"Dixon et al.","2001","731","1"
"Dixon et al.","2001","732","1"
"Dixon et al.","2001","736","1"
"Dixon et al.","2001","737","1"
"Dixon et al.","2001","741","1"
"Dixon et al.","2001","750","1"
"Dixon et al.","2001","751","1"
"Dixon et al.","2001","755","1"
"Dixon et al.","2001","756","1"
"Dixon et al.","2001","757","1"
"Dixon et al.","2001","759","1"
"Dixon et al.","2001","760","1"
"Dixon et al.","2001","1110","1"
"Dixon et al.","2001","1113","1"
"Dixon et al.","2001","1147","1"
"Dixon et al.","2001","1151","1"
"Dixon et al.","2001","1154","1"
"Dixon et al.","2001","66","1"
"Dixon et al.","2001","68","1"
"Dixon et al.","2001","75","1"
"Dixon et al.","2001","76","1"
"Dixon et al.","2001","77","1"
"Dixon et al.","2001","77","1"
"Dixon et al.","2001","78","1"
"Dixon et al.","2001","85","1"
"Dixon et al.","2001","85","1"
"Dixon et al.","2001","91","1"
"Dixon et al.","2001","92","1"
"Dixon et al.","2001","93","1"
"Dixon et al.","2001","95","1"
"Dixon et al.","2001","556","1"
"Dixon et al.","2001","769","1"
"Dixon et al.","2001","770","1"
"Dixon et al.","2001","771","1"
"Dixon et al.","2001","774","1"
"Dixon et al.","2001","786","1"
"Dixon et al.","2001","787","1"
"Dixon et al.","2001","790","1"
"Dixon et al.","2001","800","1"
"Dixon et al.","2001","804","1"
"Dixon et al.","2001","828","1"
"Dixon et al.","2001","856","1"
"Dixon et al.","2001","863","1"
"Dixon et al.","2001","884","1"
"Dixon et al.","2001","885","1"
"Dixon et al.","2001","889","1"
"Dixon et al.","2001","904","1"
"Dixon et al.","2001","905","1"
"Dixon et al.","2001","906","1"
"Dixon et al.","2001","907","1"
"Dixon et al.","2001","908","1"
"Dixon et al.","2001","910","1"
"Dixon et al.","2001","915","1"
"Dixon et al.","2001","918","1"
"Dixon et al.","2001","919","1"
"Dixon et al.","2001","920","1"
"Dixon et al.","2001","963","1"
"Dixon et al.","2001","964","1"
"Dixon et al.","2001","971","1"
"Dixon et al.","2001","974","1"
"Dixon et al.","2001","977","1"
"Dixon et al.","2001","978","1"
"Dixon et al.","2001","979","1"
"Dixon et al.","2001","982","1"
"Dixon et al.","2001","987","1"
"Dixon et al.","2001","988","1"
"Dixon et al.","2001","990","1"
"Dixon et al.","2001","990","1"
"Dixon et al.","2001","1006","1"
"Dixon et al.","2001","1006","1"
"Dixon et al.","20","1678","1"
"Dixon et al.","20","1652","1"
"Dixon et al.","20","1657","1"
"Dixon et al.","20","1665","1"
"Dixon et al.","20","1681","1"
"Dixon et al.","20","1685","1"
"Dixon et al.","20","1690","1"
"Dixon et al.","20","1691","1"
"Dixon et al.","20","1696","1"
"Dixon et al.","20","1705","1"
"Dixon et al.","20","1708","1"
"Dixon et al.","20","1722","1"
"Dixon et al.","20","1723","1"
"Dixon et al.","20","1726","1"
"Dixon et al.","20","1567","1"
"Dixon et al.","20","1452","1"
"Dixon et al.","20","1453","1"
"Dixon et al.","20","1453","1"
"Dixon et al.","20","1460","1"
"Dixon et al.","20","1461","1"
"Dixon et al.","20","1467","1"
"Dixon et al.","20","1471","1"
"Dixon et al.","20","1471","1"
"Dixon et al.","20","1491","1"
"Dixon et al.","20","1495","1"
"Dixon et al.","20","1498","1"
"Dixon et al.","20","1579","1"
"Dixon et al.","20","1580","1"
"Dixon et al.","20","1587","1"
"Dixon et al.","20","1591","1"
"Dixon et al.","20","1602","1"
"Dixon et al.","20","1603","1"
"Dixon et al.","20","1605","1"
"Dixon et al.","20","1609","1"
"Dixon et al.","20","1610","1"
"Dixon et al.","20","1611","1"
"Dixon et al.","20","1612","1"
"Dixon et al.","20","1613","1"
"Dixon et al.","20","1618","1"
"Dixon et al.","20","1619","1"
"Dixon et al.","20","1621","1"
"Dixon et al.","20","1622","1"
"Dixon et al.","20","1623","1"
"Dixon et al.","20","1624","1"
"Dixon et al.","20","1625","1"
"Dixon et al.","20","1627","1"
"Dixon et al.","20","1631","1"
"Dixon et al.","20","1632","1"
"Dixon et al.","20","1633","1"
"Dixon et al.","20","1634","1"
"Dixon et al.","20","1636","1"
"Dixon et al.","20","1642","1"
"Dixon et al.","20","1644","1"
"Dixon et al.","20","1645","1"
"Dixon et al.","20","1646","1"
"Dixon et al.","20","1647","1"
"Dixon et al.","20","1648","1"
"Dixon et al.","20","1678","1"
"Dixon et al.","20","1679","1"
"Dixon et al.","20","1680","1"
"Dixon et al.","20","1681","1"
"Dixon et al.","20","1682","1"
"Dixon et al.","20","1685","1"
"Dixon et al.","20","1690","1"
"Dixon et al.","20","1692","1"
"Dixon et al.","20","1697","1"
"Dixon et al.","20","1698","1"
"Dixon et al.","20","1703","1"
"Dixon et al.","20","1706","1"
"Dixon et al.","20","1712","1"
"Dixon et al.","20","1715","1"
"Dixon et al.","20","1718","1"
"Dixon et al.","20","1719","1"
"Dixon et al.","20","1722","1"
"Dixon et al.","20","1723","1"
"Dixon et al.","20","1725","1"
"Dixon et al.","20","1726","1"
"Dixon et al.","20","1728","1"
"Dixon et al.","20","1731","1"
"Dixon et al.","20","1732","1"
"Dixon et al.","20","1735","1"
"Dixon et al.","20","1736","1"
"Dixon et al.","20","1737","1"
"Dixon et al.","20","761","1"
"Dixon et al.","20","770","1"
"Dixon et al.","20","772","1"
"Dixon et al.","20","774","1"
"Dixon et al.","20","775","1"
"Dixon et al.","20","811","1"
"Dixon et al.","20","815","1"
"Dixon et al.","20","819","1"
"Dixon et al.","20","826","1"
"Dixon et al.","20","832","1"
"Dixon et al.","20","835","1"
"Dixon et al.","20","838","1"
"Dixon et al.","20","839","1"
"Dixon et al.","20","846","1"
"Dixon et al.","20","899","1"
"Dixon et al.","20","1161","1"
"Dixon et al.","20","1162","1"
"Dixon et al.","20","1163","1"
"Dixon et al.","20","1170","1"
"Dixon et al.","20","1185","1"
"Dixon et al.","20","1186","1"
"Dixon et al.","20","1193","1"
"Dixon et al.","20","1195","1"
"Dixon et al.","20","1198","1"
"Dixon et al.","20","1198","1"
"Dixon et al.","20","1201","1"
"Dixon et al.","20","1202","1"
"Dixon et al.","20","1204","1"
"Dixon et al.","20","1209","1"
"Dixon et al.","20","1210","1"
"Dixon et al.","20","1212","1"
"Dixon et al.","20","1212","1"
"Dixon et al.","20","1213","1"
"Dixon et al.","20","1214","1"
"Dixon et al.","20","1214","1"
"Dixon et al.","20","1215","1"
"Dixon et al.","20","1215","1"
"Dixon et al.","20","1218","1"
"Dixon et al.","20","1219","1"
"Dixon et al.","20","1219","1"
"Dixon et al.","20","1225","1"
"Dixon et al.","20","1226","1"
"Dixon et al.","20","1228","1"
"Dixon et al.","20","1232","1"
"Dixon et al.","20","1232","1"
"Dixon et al.","20","1235","1"
"Dixon et al.","20","1237","1"
"Dixon et al.","20","1237","1"
"Dixon et al.","20","1238","1"
"Dixon et al.","20","1247","1"
"Dixon et al.","20","1248","1"
"Dixon et al.","20","1251","1"
"Dixon et al.","20","1252","1"
"Dixon et al.","20","1253","1"
"Dixon et al.","20","1254","1"
"Dixon et al.","20","1259","1"
"Dixon et al.","20","1260","1"
"Dixon et al.","20","1262","1"
"Dixon et al.","20","1267","1"
"Dixon et al.","20","1343","1"
"Dixon et al.","20","1344","1"
"Dixon et al.","20","1345","1"
"Dixon et al.","20","1349","1"
"Dixon et al.","20","1350","1"
"Dixon et al.","20","1351","1"
"Dixon et al.","20","1352","1"
"Dixon et al.","20","1353","1"
"Dixon et al.","20","1356","1"
"Dixon et al.","20","1357","1"
"Dixon et al.","20","1358","1"
"Dixon et al.","20","1364","1"
"Dixon et al.","20","1372","1"
"Dixon et al.","20","1374","1"
"Dixon et al.","20","1374","1"
"Dixon et al.","20","1384","1"
"Dixon et al.","20","1385","1"
"Dixon et al.","20","1386","1"
"Dixon et al.","20","1388","1"
"Dixon et al.","20","1389","1"
"Dixon et al.","20","1390","1"
"Dixon et al.","20","1392","1"
"Dixon et al.","20","1393","1"
"Dixon et al.","20","1394","1"
"Dixon et al.","20","1394","1"
"Dixon et al.","20","1395","1"
"Dixon et al.","20","1396","1"
"Dixon et al.","20","1401","1"
"Dixon et al.","20","1402","1"
"Dixon et al.","20","1405","1"
"Dixon et al.","20","1415","1"
"Dixon et al.","20","1416","1"
"Dixon et al.","20","1417","1"
"Dixon et al.","20","1418","1"
"Dixon et al.","20","1419","1"
"Dixon et al.","20","1423","1"
"Donat et al.","2014","853","1"
"Donatti et al.","2018","631","1"
"Donatti et al.","2018","661","1"
"Donatti et al.","2018","673","1"
"Donatti et al.","2018","675","1"
"Donatti et al.","2018","676","1"
"Donatti et al.","2018","688","1"
"Donoso","2021","568","1"
"Donoso","2021","579","1"
"Donoso","2021","583","1"
"Donoso","2021","584","1"
"Donoso","2021","594","1"
"Donoso","2021","567","1"
"Donoso","2021","580","1"
"Donoso","2021","589","1"
"Donoso","2021","605","1"
"Donoso","2021","608","1"
"DST","20","966","1"
"DST","20","968","1"
"DST","20","973","1"
"DST","20","973","1"
"DST","20","981","1"
"DST","20","981","1"
"DST","20","983","1"
"DST","20","1007","1"
"DST","20","1015","1"
"Durrell","2018","695","1"
"Durrell","2018","696","1"
"Durrell","2018","703","1"
"Durrell","2018","705","1"
"Durrell","2018","707","1"
"Durrell","2018","710","1"
"Durrell","2018","698","1"
"Durrell","2018","699","1"
"Durrell","2018","706","1"
"Durrell","2018","709","1"
"Durrell","2018","713","1"
"Durrell","2018","716","1"
"Durrell","2018","717","1"
"Eash et al.","2019","671","1"
"Eash et al.","2019","672","1"
"Eash et al.","2019","662","1"
"Eash et al.","2019","663","1"
"Eash et al.","2019","677","1"
"Echeverria and Terton","2016","1343","1"
"Echeverria and Terton","2016","1344","1"
"Echeverria and Terton","2016","1345","1"
"Echeverria and Terton","2016","1349","1"
"Echeverria and Terton","2016","1353","1"
"Echeverria and Terton","2016","1354","1"
"Echeverria and Terton","2016","1355","1"
"Echeverria and Terton","2016","1356","1"
"Echeverria and Terton","2016","1357","1"
"Echeverria and Terton","2016","1424","1"
"Eitzinger et al.","2012","643","1"
"Eitzinger et al.","2012","644","1"
"Eitzinger et al.","2012","645","1"
"Eitzinger et al.","2012","651","1"
"Eitzinger et al.","2012","660","1"
"Eitzinger et al.","2012","661","1"
"Eitzinger et al.","2012","662","1"
"Eitzinger et al.","2012","663","1"
"Eitzinger et al.","2012","669","1"
"Eitzinger et al.","2012","670","1"
"Eitzinger et al.","2012","671","1"
"Eitzinger et al.","2012","672","1"
"Eitzinger et al.","2012","676","1"
"Eitzinger et al.","2012","679","1"
"Eitzinger et al.","2012","685","1"
"Eitzinger et al.","2012","686","1"
"Eitzinger et al.","2012","687","1"
"Eitzinger et al.","2012","625","1"
"Eitzinger et al.","2012","626","1"
"Eitzinger et al.","2012","631","1"
"Eitzinger et al.","2012","642","1"
"Eitzinger et al.","2012","649","1"
"Eitzinger et al.","2012","650","1"
"Eitzinger et al.","2012","654","1"
"Eitzinger et al.","2012","656","1"
"Eitzinger et al.","2012","659","1"
"Eitzinger et al.","2012","674","1"
"Eitzinger et al.","2012","675","1"
"Eitzinger et al.","2012","680","1"
"Eitzinger et al.","2012","681","1"
"Eitzinger et al.","2012","682","1"
"Eitzinger et al.","2012","691","1"
"ESCAP","2018","106","1"
"ESCAP","20","134","1"
"Fang et al.","20","1292","1"
"FAO & UNICEF EAPRO","2021","146","2"
"FAO","2015","1441","1"
"FAO","2015","586","1"
"FAO","2015","1496","1"
"FAO","2015","1497","1"
"FAO","2015","1425","1"
"FAO","2015","1477","1"
"FAO","2015","1478","1"
"FAO","2015","1479","1"
"FAO","2015","1485","1"
"FAO","2017","124","1"
"FAO","2018","151","1"
"FAO","2018","152","1"
"FAO","2018","156","1"
"FAO","2018","157","1"
"FAO","2018","179","1"
"FAO","2018","188","1"
"FAO","2018","191","1"
"FAO","2018","191","1"
"FAO","2018","198","1"
"FAO","2018","185","1"
"FAO","2019","453","1"
"FAO","2021","1305","1"
"FAO","2021","1306","1"
"FAO","2022","1105","1"
"FAO","2022","1283","1"
"FAO","2022","1295","1"
"FAO","2022","1307","1"
"FAO","2022","1311","1"
"FAO","2022","1329","1"
"Fay et al.","2017","335","1"
"Feld and Galiani","2015","595","1"
"Feld and Galiani","2015","291","1"
"Feld and Galiani","2015","293","1"
"Feld and Galiani","2015","294","1"
"Feld and Galiani","2015","296","1"
"Feld and Galiani","2015","300","1"
"Feld and Galiani","2015","307","1"
"Feld and Galiani","2015","309","1"
"Feld and Galiani","2015","311","1"
"Fernando","2006","279","1"
"Ferraro et al.","2015","1696","1"
"Ferrise et al.","2013","851","1"
"Fiebig-Wittmaack et al.","2011","476","1"
"Finlayson et al.","2019","69","1"
"Finlayson et al.","2019","70","1"
"Finlayson et al.","2019","120","1"
"Fisher et al.","2015","1320","1"
"Flintan et al.","2022","1626","1"
"Gardner et al.","2014","465","1"
"Garrett et al.","2017","453","1"
"Garrett et al.","2017","462","1"
"Garrity et al.","2012","1474","1"
"Garrity et al.","2012","1475","1"
"Garrity et al.","2012","816","1"
"Garrity et al.","2012","831","1"
"Gautam et al.","2013","100","1"
"GEPA","2017","1687","1"
"GEPA","2017","1735","1"
"Godde et al.","2021","101","1"
"Godoy","2015","576","1"
"Godoy","2015","577","1"
"GOM","2014","404","1"
"Gourdji et al.","2015","616","1"
"Gourdji et al.","2015","617","1"
"Gourdji et al.","2015","619","1"
"Gourdji et al.","2015","647","1"
"Gourdji et al.","2015","653","1"
"Gourdji et al.","2015","657","1"
"Gourdji et al.","2015","659","1"
"Gourdji et al.","2015","664","1"
"Gourdji et al.","2015","666","1"
"Gourdji et al.","2015","669","1"
"Gourdji et al.","2015","670","1"
"Gourdji et al.","2015","673","1"
"Gourdji et al.","2015","676","1"
"Gourdji et al.","2015","630","1"
"Gourdji et al.","2015","632","1"
"Gourdji et al.","2015","655","1"
"Gourdji et al.","2015","665","1"
"Govind","2022","694","1"
"Govind","2022","710","1"
"Govind","2022","735","1"
"Govind","2022","743","1"
"Govind","2022","696","1"
"Govind","2022","697","1"
"Govind","2022","726","1"
"Govind","2022","730","1"
"Govind","2022","738","1"
"Govind","2022","742","1"
"Govind","2022","752","1"
"Govind","2022","754","1"
"Govind","2022","758","1"
"Haarhoff et al.","20","1552","1"
"Hagen et al.","2022","563","1"
"Hagen et al.","2022","567","1"
"Hagen et al.","2022","564","1"
"Hagen et al.","2022","566","1"
"Harvey et al.","2018","641","1"
"Harvey et al.","2018","653","1"
"Harvey et al.","2018","656","1"
"Harvey et al.","2018","676","1"
"Harvey et al.","2018","616","1"
"Harvey et al.","2018","617","1"
"Harvey et al.","2018","618","1"
"Harvey et al.","2018","619","1"
"Harvey et al.","2018","620","1"
"Harvey et al.","2018","623","1"
"Harvey et al.","2018","624","1"
"Harvey et al.","2018","627","1"
"Harvey et al.","2018","628","1"
"Harvey et al.","2018","633","1"
"Harvey et al.","2018","634","1"
"Harvey et al.","2018","635","1"
"Harvey et al.","2018","643","1"
"Harvey et al.","2018","645","1"
"Harvey et al.","2018","651","1"
"Harvey et al.","2018","652","1"
"Harvey et al.","2018","653","1"
"Harvey et al.","2018","658","1"
"Harvey et al.","2018","661","1"
"Harvey et al.","2018","664","1"
"Harvey et al.","2018","666","1"
"Harvey et al.","2018","667","1"
"Harvey et al.","2018","668","1"
"Harvey et al.","2018","670","1"
"Harvey et al.","2018","673","1"
"Harvey et al.","2018","679","1"
"Harvey et al.","2018","683","1"
"Harvey et al.","2018","684","1"
"Harvey et al.","2018","686","1"
"Harvey et al.","2018","687","1"
"Harvey et al.","2018","689","1"
"Harvey et al.","2018","690","1"
"Hellin et al.","20","149","1"
"Hellin et al.","20","150","1"
"Hellin et al.","20","151","1"
"Hellin et al.","20","210","1"
"Hellin et al.","20","1095","1"
"Hellin et al.","20","1117","1"
"Hepp et al.","2019","194","1"
"Hepp et al.","2019","179","1"
"Hepp et al.","2019","188","1"
"Hepp et al.","2019","198","1"
"Hepp et al.","2019","203","1"
"Hepp et al.","2019","212","1"
"Herrero et al.","2016","1579","1"
"Herrero et al.","2016","1620","1"
"Herrero et al.","2016","1581","1"
"Herrero et al.","2016","1613","1"
"Herrero et al.","2016","1622","1"
"Herrero et al.","2016","1623","1"
"Herrero et al.","2016","1624","1"
"Herrero et al.","2016","1625","1"
"Herrero et al.","2016","1631","1"
"Herrero et al.","2016","1632","1"
"Herrero et al.","2016","1640","1"
"Herrero et al.","2016","1641","1"
"Herrero et al.","2016","1642","1"
"Herrero et al.","2016","1647","1"
"Herrero et al.","2016","1162","1"
"Herrero et al.","2016","1167","1"
"Herrero et al.","2016","1169","1"
"Herrero et al.","2016","1170","1"
"Herrero et al.","2016","1171","1"
"Herrero et al.","2016","1173","1"
"Herrero et al.","2016","1212","1"
"Herrero et al.","2016","1215","1"
"Herrero et al.","2016","1216","1"
"Herrero et al.","2016","1227","1"
"Herrero et al.","2016","1228","1"
"Herrero et al.","2016","1229","1"
"Herrero et al.","2016","1233","1"
"Herrero et al.","2016","1257","1"
"Herrero et al.","2016","1261","1"
"Hiwasaki et al.","2016","180","1"
"Hossain et al.","20","1076","1"
"Huang et al.","2016","934","1"
"Hughes","2014","1193","1"
"Hughes","2014","1230","1"
"Hughes","2014","1253","1"
"Hutchinson et al.","2013","596","1"
"Hutchinson et al.","2013","602","1"
"Hyman et al.","2016","692","1"
"Hyman et al.","2016","695","1"
"Hyman et al.","2016","696","1"
"ICARDA","2021","696","1"
"ICARDA","2021","698","1"
"ICARDA","2021","699","1"
"ICARDA","2021","726","1"
"ICARDA","2021","746","1"
"ICARDA","2021","747","1"
"ICRC","2021","73","1"
"IDB","2021","353","1"
"IFAD","2022","140","1"
"IFAD","2022","141","1"
"IICA","2017","247","1"
"IICA","2017","272","1"
"IICA","2017","272","1"
"IICA","2017","278","1"
"IICA","2017","282","1"
"IICA","2017","283","1"
"IICA","2017","283","1"
"ILRI","2013","1170","1"
"ILRI","2013","1240","1"
"ILRI","2013","1254","1"
"Imbach et al.","2017","685","1"
"Imbach et al.","2017","617","1"
"Imbach et al.","2017","618","1"
"Imbach et al.","2017","619","1"
"Imbach et al.","2017","620","1"
"Imbach et al.","2017","633","1"
"Imbach et al.","2017","644","1"
"Imbach et al.","2017","644","1"
"Imbach et al.","2017","675","1"
"Imbach et al.","2017","676","1"
"Imbach et al.","2017","685","1"
"Imbach et al.","2017","629","1"
"Imbach et al.","2017","637","1"
"Imbach et al.","2017","646","1"
"Imbach et al.","2017","657","1"
"IMF","2017","276","1"
"IMF","20","1321","1"
"IMF","20","1321","1"
"IMF","20","1334","1"
"IMF","20","1334","1"
"INDC","2016","984","1"
"Innocent et al.","20","1317","1"
"IPCC","2014","965","1"
"IPCC","2014","967","1"
"IPCC","2022","149","1"
"IPCC","2022","150","1"
"IPCC","2022","151","1"
"IPCC","2022","156","1"
"IPCC","2022","160","1"
"IPCC","2022","167","1"
"IPCC","2022","616","1"
"IPCC","2022","617","1"
"IPCC","2022","618","1"
"IPCC","2022","619","1"
"IPCC","2022","692","1"
"IPCC","2022","1087","1"
"IPCC","2022","1088","1"
"IPCC","2022","1089","1"
"IPCC","2022","421","1"
"IPCC","2022","422","1"
"IPCC","2022","423","1"
"IPCC","2022","424","1"
"IPCC","2022","425","1"
"IPCC","2022","426","1"
"IPCC","2022","431","1"
"IPCC","2022","432","1"
"IPCC","2022","621","1"
"IPCC","2022","1486","1"
"IPCCC","2022","1510","1"
"Iris and Hazel","2017","244","1"
"Iris and Hazel","2017","249","1"
"Iris and Hazel","2017","245","1"
"Iris and Hazel","2017","235","1"
"Iris and Hazel","2017","239","1"
"Jabara et al.","2009","1279","1"
"Jabara et al.","2009","1285","1"
"Jobbins and Henley","2015","692","1"
"Jobbins and Henley","2015","696","1"
"Jobbins and Henley","2015","732","1"
"Jobbins and Henley","2015","736","1"
"Jobbins and Henley","2015","758","1"
"Jobbins and Henley","2015","730","1"
"Jobbins and Henley","2015","693","1"
"Jobbins and Henley","2015","694","1"
"Jobbins and Henley","2015","695","1"
"Jobbins and Henley","2015","712","1"
"Jordan and Speelman","20","593","1"
"Jordan and Speelman","20","594","1"
"Jordan and Speelman","20","595","1"
"Jordan and Speelman","20","601","1"
"Jordan and Speelman","20","612","1"
"Juswanto and Zulfiqar","2016","104","1"
"Kabede et al.","2021","1198","1"
"Kabede et al.","2021","1214","1"
"Kabede et al.","2021","1218","1"
"Kabede et al.","2021","1219","1"
"Kabede et al.","2021","1232","1"
"Kabede et al.","2021","1233","1"
"Kabede et al.","2021","1237","1"
"Kabede et al.","2021","1250","1"
"Kabede et al.","2021","1251","1"
"Kabede et al.","2021","1252","1"
"Kandji et al.","2006","1167","1"
"Kandji et al.","2006","1257","1"
"Kibria and Haroon","2017","1093","1"
"Kibria and Haroon","2017","1091","1"
"Kibria and Haroon","2017","1102","1"
"Kibria and Haroon","2017","1103","1"
"Kirby","2022","1163","1"
"Kirby","2022","1185","1"
"Kirby","2022","1218","1"
"Kirby","2022","1266","1"
"Kirby","2022","1267","1"
"Knox et al.","2012","1393","1"
"Kombat et al.","2021","1294","1"
"Korres et al.","2017","190","1"
"Krishna et al.","2022","1061","1"
"Lambrano et al.","20","580","1"
"Lambrano et al.","20","594","1"
"Lambrano et al.","20","599","1"
"Lambrano et al.","20","601","1"
"Lambrano et al.","20","602","1"
"Lambrano et al.","20","603","1"
"Lambrano et al.","20","612","1"
"Lambrano et al.","20","574","1"
"Lambrano et al.","20","581","1"
"Lambrano et al.","20","591","1"
"Lambrano et al.","20","598","1"
"Lambrano et al.","20","604","1"
"Landicho et al.","2019","192","1"
"Landicho et al.","2019","214","1"
"Landicho et al.","2019","219","1"
"Landicho et al.","2019","220","1"
"Landicho et al.","2019","161","1"
"Landicho et al.","2019","207","1"
"Landicho et al.","2019","208","1"
"Landicho et al.","2019","213","1"
"Landicho et al.","2019","222","1"
"Landicho et al.","2019","232","1"
"Le Toan et al.","2021","2","1"
"Le Toan et al.","2021","5","1"
"Le Toan et al.","2021","6","1"
"Lee & Dang","2016","3","1"
"Lemma and Megersa","2021","1427","1"
"Lemma and Megersa","2021","1429","1"
"Lemma and Megersa","2021","1440","1"
"Lemma and Megersa","2021","1441","1"
"Lemma and Megersa","2021","1452","1"
"Lemma and Megersa","2021","1453","1"
"Lemma and Megersa","2021","1471","1"
"Lemma and Megersa","2021","1474","1"
"Lemma and Megersa","2021","1475","1"
"Lemma and Megersa","2021","1479","1"
"Lemma and Megersa","2021","1484","1"
"Lewis et al.","2018","763","1"
"Lewis et al.","2018","764","1"
"Lewis et al.","2018","773","1"
"Lewis et al.","2018","801","1"
"Lewis et al.","2018","818","1"
"Lewis et al.","2018","820","1"
"Lewis et al.","2018","821","1"
"Lewis et al.","2018","844","1"
"Lewis et al.","2018","845","1"
"Ling et al.","2015","8","1"
"Ling et al.","2015","43","1"
"Lobell et al.","2011","1510","1"
"Lopez‑Ridaura et al.","2021","657","1"
"Lopez‑Ridaura et al.","2021","660","1"
"López-Carr","2021","440","1"
"López-Carr","2021","442","1"
"López-Carr","2021","453","1"
"Maeda et al.","20","461","1"
"Maeda et al.","20","420","1"
"Maeda et al.","20","460","1"
"Maeda et al.","20","466","1"
"Maeda et al.","20","467","1"
"Magar et al.","2022","1031","1"
"Magar et al.","2022","1049","1"
"Magar et al.","2022","1067","1"
"Magar et al.","2022","1082","1"
"Magar et al.","2022","1083","1"
"Mahmoud","2021","852","1"
"Mainuddin et al.","2022","1090","1"
"Mainuddin et al.","2022","1106","1"
"Mainuddin et al.","2022","1107","1"
"Mainuddin et al.","2022","1127","1"
"Mar et al.","2018","173","1"
"Mar et al.","2018","184","1"
"Mar et al.","2018","209","1"
"Mar et al.","2018","211","1"
"Mar et al.","2018","220","1"
"Mar et al.","2018","158","1"
"Mar et al.","2018","163","1"
"Mar et al.","2018","164","1"
"Mar et al.","2018","169","1"
"Mar et al.","2018","226","1"
"Mar et al.","2018","229","1"
"Marengo et al.","2018","420","1"
"Marengo et al.","2018","421","1"
"Marengo et al.","2018","422","1"
"Marengo et al.","2018","425","1"
"Marengo et al.","2018","426","1"
"Marengo et al.","2018","431","1"
"Marengo et al.","2018","432","1"
"Marengo et al.","2018","440","1"
"Marengo et al.","2018","442","1"
"Marengo et al.","2018","448","1"
"Marengo et al.","2018","453","1"
"Marengo et al.","2018","455","1"
"Maritz et al.","2019","1319","1"
"Mataya et al.","20","1331","1"
"Mekuria and Mekonnen","2018","1343","1"
"Mekuria and Mekonnen","2018","1344","1"
"Mekuria and Mekonnen","2018","1345","1"
"Mekuria and Mekonnen","2018","1349","1"
"Mekuria and Mekonnen","2018","1357","1"
"Mekuria and Mekonnen","2018","1404","1"
"Mekuria and Mekonnen","2018","1424","1"
"Melissa et al.","2017","331","1"
"Melissa et al.","2017","361","1"
"Mertz et al.","2008","1574","1"
"Mertz et al.","2008","1576","1"
"Messina et al.","2014","363","1"
"Meza et al.","2012","601","1"
"Ministry of Agriculture, Livestock and Food Supply","2021","426","1"
"Ministry of Agriculture, Livestock and Food Supply","2021","460","1"
"Ministry of Agriculture, Livestock and Food Supply","2021","461","1"
"Ministry of Foreign Affairs","2018","1140","1"
"Ministry of Foreign Affairs","2018","1127","1"
"Ministry of Foreign Affairs","2018","1133","1"
"Ministry of Foreign Affairs","2018","1149","1"
"Mishra et al.","2021","1045","1"
"Mishra et al.","2021","1054","1"
"Mishra et al.","2021","1067","1"
"Mishra et al.","2021","1050","1"
"Mishra et al.","2021","1051","1"
"Mishra et al.","2021","1055","1"
"Mishra et al.","2021","1059","1"
"Mishra et al.","2021","1060","1"
"Mishra et al.","2021","1061","1"
"Mishra et al.","2021","1062","1"
"Mishra et al.","2021","1072","1"
"Mishra et al.","2021","1083","1"
"MoALFC and World Bank","2021","1425","1"
"MoALFC and World Bank","2021","1426","1"
"MoALFC and World Bank","2021","1430","1"
"MoALFC and World Bank","2021","1431","1"
"MoALFC and World Bank","2021","1433","1"
"MoALFC and World Bank","2021","1434","1"
"MoALFC and World Bank","2021","1435","1"
"Mohamed and Squires","2018","694","1"
"Mohamed and Squires","2018","696","1"
"Mohamed and Squires","2018","716","1"
"Mohamed and Squires","2018","717","1"
"Mohamed and Squires","2018","721","1"
"Mohamed and Squires","2018","700","1"
"Mohamed and Squires","2018","702","1"
"Mohamed and Squires","2018","711","1"
"Mohamed and Squires","2018","719","1"
"Mohamed and Squires","2018","723","1"
"Mohamed et al.","2019","738","1"
"Mohamed et al.","2019","742","1"
"Mohamed et al.","2019","752","1"
"Mohamed et al.","2019","720","1"
"Mohamed et al.","2019","722","1"
"Mohamed et al.","2019","724","1"
"Mohamed et al.","2019","724","1"
"Mohamed et al.","2019","734","1"
"Mohamed et al.","2019","734","1"
"Mohamed et al.","2019","744","1"
"Mohamed et al.","2019","745","1"
"Mohanty and Wadhawan","2021","939","1"
"Mohanty and Wadhawan","2021","965","1"
"Mohanty and Wadhawan","2021","967","1"
"Mohanty and Wadhawan","2021","976","1"
"Mohanty et al.","2013","1143","1"
"Mojid and Mainuddin","2021","1051","1"
"Mojid and Mainuddin","2021","1074","1"
"Mojid and Mainuddin","2021","1080","1"
"Mojid and Mainuddin","2021","1048","1"
"Mojid and Mainuddin","2021","1069","1"
"Mougou et al.","20","851","1"
"Msowoya et al.","2016","1510","1"
"Msowoya et al.","2016","1526","1"
"Msowoya et al.","2016","1544","1"
"Msowoya et al.","2016","1546","1"
"Msowoya et al.","2016","1548","1"
"Msowoya et al.","2016","1553","1"
"Msowoya et al.","2016","1546","1"
"Msowoya et al.","2016","1553","1"
"Mubarik et al.","2005","105","1"
"Mulungu et al.","2019","360","1"
"Muoki et al.","20","1427","1"
"Muoki et al.","20","1429","1"
"Muoki et al.","20","1439","1"
"Muoki et al.","20","1441","1"
"Muoki et al.","20","1457","1"
"Muoki et al.","20","1478","1"
"Muoki et al.","20","1479","1"
"Mwongera and Gichuru","2021","913","1"
"Mächtle","2016","559","1"
"Nardone et al.","20","327","1"
"Newell et al.","2019","1327","1"
"Ngigi et al.","2021","397","1"
"Nguyen et al.","2017","49","1"
"Nguyen et al.","2017","50","1"
"Nidumolu etal.","2022","1174","1"
"Nithin Coca","20","79","1"
"Nkonya.","2016","1284","1"
"Nobre et al.","2021","447","1"
"Nobre et al.","2021","460","1"
"Nobre et al.","2021","461","1"
"Nobre et al.","2021","467","1"
"Nobre et al.","2021","472","1"
"Nobre et al.","2021","446","1"
"Nobre et al.","2021","452","1"
"Nobre et al.","2021","470","1"
"Nobre et al.","2021","471","1"
"Noriko et al.","20","1354","1"
"Noriko et al.","20","1355","1"
"OECD","2008","1610","1"
"OECD","2008","1624","1"
"OECD","2008","1628","1"
"OECD","2008","1631","1"
"OECD","2008","1632","1"
"OECD","2008","1637","1"
"OECD","2008","1641","1"
"OECD","2008","1642","1"
"OECD","2008","1648","1"
"OECD/FAO","2018","692","1"
"OECD/FAO","2018","694","1"
"OECD/FAO","2018","701","1"
"OECD/FAO","2018","715","1"
"OECD/FAO","2018","721","1"
"OECD/FAO","2018","725","1"
"OECD/FAO","2018","727","1"
"OECD/FAO","2018","728","1"
"OECD/FAO","2018","735","1"
"OECD/FAO","2018","740","1"
"OECD/FAO","2018","753","1"
"Olsson et al.","2019","437","1"
"Olsson et al.","2019","168","1"
"Olsson et al.","2019","578","1"
"Onyango","2019","1291","1"
"Osei-Adu et al.","2016","1679","1"
"Osei-Adu et al.","2016","1687","1"
"Osei-Adu et al.","2016","1697","1"
"Osei-Adu et al.","2016","1735","1"
"Osei-Adu et al.","2016","1737","1"
"Osei-Adu et al.","2016","1695","1"
"Osei-Adu et al.","2016","1722","1"
"Osei-Adu et al.","2016","1723","1"
"Osei-Adu et al.","2016","1726","1"
"Osei-Adu et al.","2016","1729","1"
"Owusu et al.","20","1679","1"
"Owusu et al.","20","1697","1"
"Owusu et al.","20","1700","1"
"Owusu et al.","20","1737","1"
"Owusu et al.","20","1738","1"
"Owusu et al.","20","1649","1"
"Owusu et al.","20","1650","1"
"Owusu et al.","20","1651","1"
"Owusu et al.","20","1652","1"
"Owusu et al.","20","1653","1"
"Owusu et al.","20","1654","1"
"Owusu et al.","20","1655","1"
"Owusu et al.","20","1657","1"
"Owusu et al.","20","1662","1"
"Owusu et al.","20","1664","1"
"Owusu et al.","20","1666","1"
"Owusu et al.","20","1667","1"
"Owusu et al.","20","1676","1"
"Owusu et al.","20","1699","1"
"Owusu et al.","20","1701","1"
"Owusu et al.","20","1702","1"
"Owusu et al.","20","1703","1"
"Owusu et al.","20","1705","1"
"Owusu et al.","20","1707","1"
"Owusu et al.","20","1708","1"
"Owusu et al.","20","1709","1"
"Owusu et al.","20","1710","1"
"Owusu et al.","20","1711","1"
"Owusu et al.","20","1713","1"
"Owusu et al.","20","1714","1"
"Owusu et al.","20","1721","1"
"Owusu et al.","20","1722","1"
"Owusu et al.","20","1723","1"
"Owusu et al.","20","1724","1"
"Owusu et al.","20","1726","1"
"Owusu et al.","20","1730","1"
"OXFAM","2016","22","1"
"OXFAM","2016","63","1"
"OXFAM","2016","64","1"
"OXFAM","2016","20","1"
"OXFAM","2016","31","1"
"OXFAM","2016","32","1"
"OXFAM","2016","65","1"
"OXFAM","2016","21","1"
"Oxfam","2019","180","1"
"Oxfam","2019","183","1"
"Oxfam","2019","192","1"
"Oxfam","2019","193","1"
"Oxfam","2019","211","1"
"Oxfam","2019","182","1"
"Ozor et al.","20","1330","1"
"Pacillo et al.","2022","620","1"
"Pacillo et al.","2022","618","1"
"Pacillo et al.","2022","621","1"
"Paini et al.","2016","1295","1"
"Paini et al.","2016","1311","1"
"Pena-Ramos et al.","2022","1308","1"
"Perez","20","654","1"
"Perez","20","656","1"
"Perrotti","2011","388","1"
"Peter et al.","2017","1276","1"
"Petit and Boujenane","2018","745","1"
"Peña-Guerrero et al.","20","562","1"
"Peña-Guerrero et al.","20","563","1"
"Peña-Guerrero et al.","20","600","1"
"Piechota et al.","20","729","1"
"Piechota et al.","20","749","1"
"Pipitpukdee et al.","20","156","1"
"Pipitpukdee et al.","20","157","1"
"Pipitpukdee et al.","20","209","1"
"Pipitpukdee et al.","20","229","1"
"Pivello et al.","2021","431","1"
"Pivello et al.","2021","432","1"
"Pivello et al.","2021","455","1"
"Pokharel et al.","2018","1031","1"
"Pokharel et al.","2018","1050","1"
"Pokharel et al.","2018","1055","1"
"Pokharel et al.","2018","1058","1"
"Pokharel et al.","2018","1062","1"
"Pokharel et al.","2018","1067","1"
"Pokharel et al.","2018","1070","1"
"Pokharel et al.","2018","1078","1"
"Polade et al.","2014","342","1"
"Polade et al.","2014","320","1"
"Polade et al.","2014","321","1"
"Polade et al.","2014","325","1"
"Pons","2021","636","1"
"Pons","2021","644","1"
"Pons","2021","685","1"
"Poonam et al.","2018","1148","1"
"Poonam et al.","2018","1158","1"
"Poonam et al.","2018","1160","1"
"Prager et al.","20","574","1"
"Prager et al.","20","603","1"
"Prager et al.","20","561","1"
"Prager et al.","20","562","1"
"Prager et al.","20","563","1"
"Prager et al.","20","565","1"
"Prager et al.","20","568","1"
"Prager et al.","20","569","1"
"Prager et al.","20","570","1"
"Prager et al.","20","571","1"
"Prager et al.","20","584","1"
"Prager et al.","20","610","1"
"Rahman et al.","2019","1090","1"
"Rajalahti","2021","123","1"
"Rajalahti","2021","137","1"
"Ramirez-Cabral et al.","2017","633","1"
"Raufu et al.","2018","718","1"
"Ravikumar et al.","2016","457","1"
"Ravikumar et al.","2016","466","1"
"Ravikumar et al.","2016","467","1"
"Ravikumar et al.","2016","450","1"
"Ravikumar et al.","2016","463","1"
"Ravikumar et al.","2016","465","1"
"Reda et al.","2015","218","1"
"Reda et al.","2015","223","1"
"Redhum","2016","478","1"
"Redhum","2016","480","1"
"Reid et al.","2012","1005","1"
"Resurreccion et al.","2008","123","1"
"Resurreccion et al.","2008","137","1"
"Rivera et al.","2021","563","1"
"Rivera et al.","2021","567","1"
"Rivera et al.","2021","591","1"
"Rivera et al.","2021","594","1"
"Rivera et al.","2021","611","1"
"Rojas","2017","333","1"
"Rojas","2017","334","1"
"Roy and Basu","20","121","1"
"Rurinda et al.","2015","1548","1"
"Safi et al.","2018","704","1"
"Sagoe","2006","1649","1"
"Sagoe","2006","1650","1"
"Sagoe","2006","1651","1"
"Sagoe","2006","1652","1"
"Sagoe","2006","1653","1"
"Sagoe","2006","1654","1"
"Sagoe","2006","1655","1"
"Sagoe","2006","1657","1"
"Sagoe","2006","1662","1"
"Sagoe","2006","1662","1"
"Sagoe","2006","1664","1"
"Sagoe","2006","1666","1"
"Sagoe","2006","1666","1"
"Sagoe","2006","1667","1"
"Sagoe","2006","1679","1"
"Sagoe","2006","1697","1"
"Sagoe","2006","1699","1"
"Sagoe","2006","1701","1"
"Sagoe","2006","1702","1"
"Sagoe","2006","1703","1"
"Sagoe","2006","1705","1"
"Sagoe","2006","1707","1"
"Sagoe","2006","1709","1"
"Sagoe","2006","1710","1"
"Sagoe","2006","1721","1"
"Sagoe","2006","1722","1"
"Sagoe","2006","1723","1"
"Sagoe","2006","1725","1"
"Sagoe","2006","1726","1"
"Sagoe","2006","1730","1"
"Sagoe","2006","1737","1"
"Sagoe","2006","1658","1"
"Sagoe","2006","1678","1"
"Sagoe","2006","1679","1"
"Sagoe","2006","1680","1"
"Sagoe","2006","1682","1"
"Sagoe","2006","1683","1"
"Sagoe","2006","1684","1"
"Sagoe","2006","1687","1"
"Sagoe","2006","1688","1"
"Sagoe","2006","1689","1"
"Sagoe","2006","1690","1"
"Sagoe","2006","1691","1"
"Sagoe","2006","1692","1"
"Sagoe","2006","1694","1"
"Sagoe","2006","1696","1"
"Sagoe","2006","1697","1"
"Sagoe","2006","1734","1"
"Sagoe","2006","1736","1"
"Sagoe","2006","1737","1"
"Sagoe","2006","1738","1"
"Sain et al.","2017","641","1"
"Sain et al.","2017","669","1"
"Sain et al.","2017","671","1"
"Sain et al.","2017","672","1"
"Sain et al.","2017","676","1"
"Salmoral et al.","20","606","1"
"Sanchez-Garcia","2021","703","1"
"Sanchez-Garcia","2021","705","1"
"Schoolmeester et al.","2016","550","1"
"Schoolmeester et al.","2016","540","1"
"Schoolmeester et al.","2016","547","1"
"Schoolmeester et al.","2016","548","1"
"Schoolmeester et al.","2016","548","1"
"Schoolmeester et al.","2016","549","1"
"Schoolmeester et al.","2016","551","1"
"Schoolmeester et al.","2016","551","1"
"Schreinemachers et al.","2013","179","1"
"Schreinemachers et al.","2013","183","1"
"Schreinemachers et al.","2013","186","1"
"Schreinemachers et al.","2013","188","1"
"Schreinemachers et al.","2013","196","1"
"Schreinemachers et al.","2013","201","1"
"Schreinemachers et al.","2013","213","1"
"Schreinemachers et al.","2013","220","1"
"Schreinemachers et al.","2013","231","1"
"Schreinemachers et al.","2013","162","1"
"Schreinemachers et al.","2013","175","1"
"Schreinemachers et al.","2013","181","1"
"Sellers and Bilsborrow","20","444","1"
"Selvaraju","2013","897","1"
"Shah et al.","20","1318","1"
"Shahid et al.","2021","1124","1"
"Shankar et al.","2014","1121","1"
"Shankar et al.","2014","1090","1"
"Shankar et al.","2014","1156","1"
"Shiferaw et al.","2014","1293","1"
"Shiferaw et al.","2014","1309","1"
"Shiferaw et al.","2014","1310","1"
"Sieghart and Betre","2018","767","1"
"Silva et al.","2022","437","1"
"SINAGERD et al.","2014","519","1"
"SINAGERD et al.","2014","520","1"
"SINAGERD et al.","2014","521","1"
"SINAGERD et al.","2014","527","1"
"SINAGERD et al.","2014","528","1"
"SINAGERD et al.","2014","550","1"
"Sissoko et al.","20","1573","1"
"Sissoko et al.","20","1574","1"
"Sissoko et al.","20","1622","1"
"Sissoko et al.","20","1628","1"
"Sissoko et al.","20","1640","1"
"Sissoko et al.","20","1163","1"
"Skidmore et al.","2021","446","1"
"Skidmore et al.","2021","457","1"
"Skidmore et al.","2021","463","1"
"Skidmore et al.","2021","471","1"
"Skidmore et al.","2021","447","1"
"Skidmore et al.","2021","464","1"
"Smajgl et al ","2015","20","1"
"Sperrati et al.","2015","292","1"
"Sperrati et al.","2015","298","1"
"Sravan and Murthy","2018","1118","1"
"Sravan and Murthy","2018","1140","1"
"Sravan and Murthy","2018","1144","1"
"Sravan and Murthy","2018","1151","1"
"Sravan and Murthy","2018","1159","1"
"Sravan and Murthy","2018","1148","1"
"Srinivasarao et al.","2013","909","1"
"Stathers et al.","20","1328","1"
"Stavi et al.","2021","1185","1"
"Stavi et al.","2021","1267","1"
"Stefania","2021","1299","1"
"Stoop and Hart","2006","1312","1"
"Stuecker et al.","2018","194","1"
"Stuecker et al.","2018","232","1"
"Stuecker et al.","2018","165","1"
"Stuecker et al.","2018","173","1"
"Stuecker et al.","2018","176","1"
"Stuecker et al.","2018","177","1"
"Stäubli et al.","2018","505","1"
"Stäubli et al.","2018","506","1"
"Stäubli et al.","2018","507","1"
"Stäubli et al.","2018","508","1"
"Stäubli et al.","2018","477","1"
"Stäubli et al.","2018","481","1"
"Sulca et al.","2018","484","1"
"Sulca et al.","2018","494","1"
"Suresh et al.","2021","1127","1"
"Suresh et al.","2021","1142","1"
"Suresh et al.","2021","1121","1"
"Suresh et al.","2021","1124","1"
"Suresh et al.","2021","1126","1"
"Suresh et al.","2021","1128","1"
"Suresh et al.","2021","1134","1"
"Swain","2014","973","1"
"Swain","2014","973","1"
"Swain","2014","981","1"
"Swain","2014","981","1"
"Swain","2014","1015","1"
"Swami","2019","1132","1"
"Szmigiera","2022","1301","1"
"Tapasco et al.","2019","430","1"
"Tapasco et al.","2019","434","1"
"Tapasco et al.","2019","436","1"
"Tapasco et al.","2019","447","1"
"Tapasco et al.","2019","448","1"
"Tapasco et al.","2019","452","1"
"Tapasco et al.","2019","461","1"
"Tapasco et al.","2019","464","1"
"Tapasco et al.","2019","468","1"
"Tapasco et al.","2019","470","1"
"Tapasco et al.","2019","440","1"
"Tapasco et al.","2019","442","1"
"Tapasco et al.","2019","449","1"
"Tapasco et al.","2019","451","1"
"Tapasco et al.","2019","457","1"
"Tapasco et al.","2019","458","1"
"Tapasco et al.","2019","461","1"
"Taylor et al.","2016","166","1"
"Taylor et al.","2016","174","1"
"Taylor et al.","2016","210","1"
"Tesfaye et al.","2015","1559","1"
"Tesfaye et al.","2015","1563","1"
"Tesfaye et al.","2015","1520","1"
"Tesfaye et al.","2015","1525","1"
"Tesfaye et al.","2015","1568","1"
"Thapa and Gaiha","2011","99","1"
"Thapa and Gaiha","2011","110","1"
"Thapa and Gaiha","2011","148","1"
"Thapa and Hessel","2016","109","1"
"ThinkHazard","2021","489","1"
"Thomas et al.","2018","616","1"
"Thomas et al.","2018","617","1"
"Thornton et al.","2009","1578","1"
"Thornton et al.","2009","1580","1"
"Thornton et al.","2009","1170","1"
"Thornton et al.","2009","1572","1"
"Thornton et al.","2009","1577","1"
"Thornton et al.","2009","1577","1"
"Thornton et al.","2009","1579","1"
"Thornton et al.","2009","1583","1"
"Thornton et al.","2009","1585","1"
"Thornton et al.","2009","1585","1"
"Thornton et al.","2009","1598","1"
"Thornton et al.","2009","1610","1"
"Thornton et al.","2009","1612","1"
"Thornton et al.","2009","1648","1"
"Thornton et al.","2009","1175","1"
"Tiwari and Dinar","2001","609","1"
"Toufique et al.","2014","1126","1"
"Toufique et al.","2014","1134","1"
"Tran et al.","2019","49","1"
"Tran et al.","2019","50","1"
"Tremblay","2016","1162","1"
"Tremblay","2016","1163","1"
"Tremblay","2016","1164","1"
"Tremblay","2016","1176","1"
"Tremblay","2016","1185","1"
"Tremblay","2016","1198","1"
"Tremblay","2016","1198","1"
"Tremblay","2016","1207","1"
"Tremblay","2016","1208","1"
"Tremblay","2016","1213","1"
"Tremblay","2016","1214","1"
"Tremblay","2016","1214","1"
"Tremblay","2016","1219","1"
"Tremblay","2016","1219","1"
"Tremblay","2016","1227","1"
"Tremblay","2016","1228","1"
"Tremblay","2016","1240","1"
"Tschakert","2007","1611","1"
"Turner et al.","2012","1195","1"
"Turner et al.","2012","1198","1"
"Turner et al.","2012","1214","1"
"Turner et al.","2012","1218","1"
"Turner et al.","2012","1219","1"
"Turner et al.","2012","1225","1"
"Ullah et al.","2021","1050","1"
"Ullah et al.","2021","1051","1"
"Ullah et al.","2021","1053","1"
"Ullah et al.","2021","1054","1"
"Ullah et al.","2021","1056","1"
"Ullah et al.","2021","1058","1"
"Ullah et al.","2021","1066","1"
"Ullah et al.","2021","1067","1"
"Ullah et al.","2021","1072","1"
"Ullah et al.","2021","1038","1"
"UN","20","1273","1"
"UN","20","1274","1"
"UN","20","347","1"
"UNCTAD","2013","107","1"
"UNCTAD","2021","1296","1"
"UNCTAD","2021","1313","1"
"UNDP","2018","531","1"
"UNDP","20","286","1"
"UNDP","20","289","1"
"UNDP","20","290","1"
"UNDP","20","295","1"
"UNDP","20","299","1"
"UNEP","20","399","1"
"UNEP","20","403","1"
"UNEP","20","407","1"
"UNEP","2021","138","1"
"UNEP","2022","1298","1"
"UNFCCC","20","1534","1"
"UNFCCC","20","1568","1"
"UNFCCC","20","1498","1"
"UNFCCC","20","1499","1"
"UNFCCC","20","1343","1"
"UNFCCC","20","1344","1"
"UNFCCC","20","1345","1"
"UNFCCC","20","1349","1"
"UNFCCC","20","1364","1"
"UNFCCC","20","1368","1"
"UNFCCC","20","1424","1"
"Unganai","2009","1251","1"
"Unganai","2009","1252","1"
"Unganai","2009","1254","1"
"Unganai","2009","1257","1"
"UNHCR","2022","1570","1"
"UNHCR","2022","1571","1"
"UNHCR","2022","1574","1"
"UNHCR","2022","1575","1"
"UNHCR","2022","1577","1"
"UNHCR","2022","1585","1"
"UNHCR","2022","1610","1"
"UNHCR","2022","1648","1"
"UNHCR","2022","1161","1"
"UNHCR","2022","1162","1"
"UNHCR","2022","1170","1"
"UNHCR","2022","1235","1"
"UNIDO","2017","1430","1"
"USAID","2012","1167","1"
"USAID","2012","1168","1"
"USAID","2012","1194","1"
"USAID","2012","1195","1"
"USAID","2012","1225","1"
"USAID","2016","358","1"
"USAID","2016","383","1"
"USAID","2016","1501","1"
"USAID","2016","1502","1"
"USAID","2016","1503","1"
"USAID","2016","1504","1"
"USAID","2016","1505","1"
"USAID","2016","1506","1"
"USAID","2016","1507","1"
"USAID","2016","1508","1"
"USAID","2016","1509","1"
"USAID","2016","1510","1"
"USAID","2016","1511","1"
"USAID","2016","1512","1"
"USAID","2016","1513","1"
"USAID","2016","1514","1"
"USAID","2016","1515","1"
"USAID","2016","1516","1"
"USAID","2016","1517","1"
"USAID","2016","1519","1"
"USAID","2016","1521","1"
"USAID","2016","1526","1"
"USAID","2016","1527","1"
"USAID","2016","1528","1"
"USAID","2016","1529","1"
"USAID","2016","1530","1"
"USAID","2016","1534","1"
"USAID","2016","1535","1"
"USAID","2016","1536","1"
"USAID","2016","1537","1"
"USAID","2016","1538","1"
"USAID","2016","1539","1"
"USAID","2016","1540","1"
"USAID","2016","1541","1"
"USAID","2016","1542","1"
"USAID","2016","1543","1"
"USAID","2016","1560","1"
"USAID","2017","482","1"
"USAID","2017","1441","1"
"USAID","2017","1649","1"
"USAID","2017","1650","1"
"USAID","2017","1651","1"
"USAID","2017","1652","1"
"USAID","2017","1653","1"
"USAID","2017","1654","1"
"USAID","2017","1655","1"
"USAID","2017","1657","1"
"USAID","2017","1658","1"
"USAID","2017","1662","1"
"USAID","2017","1662","1"
"USAID","2017","1664","1"
"USAID","2017","1665","1"
"USAID","2017","1666","1"
"USAID","2017","1666","1"
"USAID","2017","1667","1"
"USAID","2017","1678","1"
"USAID","2017","1679","1"
"USAID","2017","1680","1"
"USAID","2017","1682","1"
"USAID","2017","1683","1"
"USAID","2017","1684","1"
"USAID","2017","1688","1"
"USAID","2017","1689","1"
"USAID","2017","1690","1"
"USAID","2017","1691","1"
"USAID","2017","1692","1"
"USAID","2017","1694","1"
"USAID","2017","1696","1"
"USAID","2017","1697","1"
"USAID","2017","1737","1"
"USAID","2017","481","1"
"USAID","2017","487","1"
"USAID","2017","488","1"
"USAID","2017","505","1"
"USAID","2017","506","1"
"USAID","2017","507","1"
"USAID","2017","508","1"
"USAID","2017","525","1"
"USAID","2017","558","1"
"USAID","2017","963","1"
"USAID","2017","982","1"
"USAID","2017","1440","1"
"USAID","2017","1570","1"
"USAID","2017","1574","1"
"USAID","2017","1670","1"
"USAID","2017","1675","1"
"USAID","2017","1681","1"
"USAID","2017","483","1"
"USAID","2017","492","1"
"USAID","2017","493","1"
"USAID","2017","516","1"
"USAID","2017","517","1"
"USAID","2017","518","1"
"USAID","2017","522","1"
"USAID","2017","537","1"
"USAID","2017","538","1"
"USAID","2017","924","1"
"USAID","2017","926","1"
"USAID","2017","932","1"
"USAID","2017","1165","1"
"USAID","2018","421","1"
"USAID","2018","422","1"
"USAID","2018","423","1"
"USAID","2018","425","1"
"USAID","2018","426","1"
"USAID","2018","428","1"
"USAID","2018","431","1"
"USAID","2018","432","1"
"USAID","2018","441","1"
"USAID","2018","427","1"
"USAID","2018","429","1"
"USAID","2018","430","1"
"USAID","2018","433","1"
"USAID","2018","434","1"
"USAID","2018","435","1"
"USAID","2018","436","1"
"USAID","2018","438","1"
"USAID","2018","454","1"
"USAID","2018","474","1"
"USAID","2021","139","1"
"USDA","2021","277","1"
"USGS and USAID","2012","1165","1"
"Vergara et al.","2014","244","1"
"Vergara et al.","2014","249","1"
"Vergara et al.","2014","242","1"
"Verhage et al.","2018","358","1"
"Verhage et al.","2018","383","1"
"Verhage et al.","2018","1501","1"
"Verhage et al.","2018","1502","1"
"Verhage et al.","2018","1503","1"
"Verhage et al.","2018","1504","1"
"Verhage et al.","2018","1505","1"
"Verhage et al.","2018","1506","1"
"Verhage et al.","2018","1507","1"
"Verhage et al.","2018","1508","1"
"Verhage et al.","2018","1509","1"
"Verhage et al.","2018","1510","1"
"Verhage et al.","2018","1511","1"
"Verhage et al.","2018","1512","1"
"Verhage et al.","2018","1513","1"
"Verhage et al.","2018","1514","1"
"Verhage et al.","2018","1515","1"
"Verhage et al.","2018","1516","1"
"Verhage et al.","2018","1517","1"
"Verhage et al.","2018","1519","1"
"Verhage et al.","2018","1521","1"
"Verhage et al.","2018","1526","1"
"Verhage et al.","2018","1527","1"
"Verhage et al.","2018","1528","1"
"Verhage et al.","2018","1529","1"
"Verhage et al.","2018","1530","1"
"Verhage et al.","2018","1534","1"
"Verhage et al.","2018","1535","1"
"Verhage et al.","2018","1536","1"
"Verhage et al.","2018","1537","1"
"Verhage et al.","2018","1538","1"
"Verhage et al.","2018","1539","1"
"Verhage et al.","2018","1540","1"
"Verhage et al.","2018","1541","1"
"Verhage et al.","2018","1542","1"
"Verhage et al.","2018","1543","1"
"Verhage et al.","2018","1544","1"
"Verhage et al.","2018","1545","1"
"Verhage et al.","2018","1546","1"
"Verhage et al.","2018","1549","1"
"Verhage et al.","2018","1550","1"
"Verhage et al.","2018","1553","1"
"Verhage et al.","2018","1561","1"
"Verhage et al.","2018","1562","1"
"Verhage et al.","2018","1563","1"
"Verhage et al.","2018","1565","1"
"Verhage et al.","2018","1566","1"
"Verhage et al.","2018","1567","1"
"Waddick","2017","616","1"
"Waddick","2017","617","1"
"Waddick","2017","646","1"
"Waddick","2017","622","1"
"Waddick","2017","647","1"
"Waha et al.","2017","692","1"
"Waha et al.","2017","695","1"
"Waha et al.","2017","703","1"
"Waha et al.","2017","705","1"
"Waha et al.","2017","712","1"
"Waha et al.","2017","713","1"
"Waha et al.","2017","723","1"
"Waha et al.","2017","726","1"
"Waha et al.","2017","731","1"
"Waha et al.","2017","878","1"
"Waha et al.","2017","887","1"
"Waha et al.","2017","707","1"
"Waha et al.","2017","708","1"
"Waha et al.","2017","710","1"
"Waha et al.","2017","714","1"
"Waha et al.","2017","733","1"
"Waha et al.","2017","847","1"
"Waha et al.","2017","859","1"
"Waha et al.","2017","860","1"
"Waha et al.","2017","861","1"
"Waha et al.","2017","862","1"
"Waha et al.","2017","864","1"
"Waha et al.","2017","874","1"
"Waha et al.","2017","875","1"
"Waha et al.","2017","876","1"
"Waha et al.","2017","877","1"
"Waha et al.","2017","879","1"
"Waha et al.","2017","880","1"
"Waha et al.","2017","886","1"
"Waha et al.","2017","890","1"
"Waha et al.","2017","891","1"
"Waha et al.","2017","894","1"
"Waha et al.","2017","896","1"
"Waha et al.","2017","903","1"
"Wang et al.","2019","115","1"
"WFP","2021","301","1"
"WMO","20","342","1"
"WMO","20","317","1"
"WMO","20","318","1"
"WMO","20","323","1"
"WMO","20","324","1"
"WMO","20","328","1"
"WMO","2021","71","1"
"WMO","2021","80","1"
"World Bank et al.","2014","587","1"
"World Bank et al.","2014","592","1"
"World Bank et al.","2014","593","1"
"World Bank et al.","2014","597","1"
"World Bank et al.","2014","599","1"
"World Bank et al.","2014","600","1"
"World Bank et al.","2014","603","1"
"World Bank et al.","2014","607","1"
"World Bank et al.","2014","612","1"
"World Bank","2012","396","1"
"World Bank","2014","479","1"
"World Bank","2014","481","1"
"World Bank","2014","490","1"
"World Bank","2014","491","1"
"World Bank","2014","514","1"
"World Bank","2014","515","1"
"World Bank","2014","525","1"
"World Bank","2014","530","1"
"World Bank","2015","1577","1"
"World Bank","2015","1584","1"
"World Bank","2015","1585","1"
"World Bank","2015","1602","1"
"World Bank","2015","1603","1"
"World Bank","2015","1635","1"
"World Bank","2015","1637","1"
"World Bank","2015","1643","1"
"World Bank","2015","1176","1"
"World Bank","2015","1201","1"
"World Bank","2015","1217","1"
"World Bank","2019","515","1"
"World Bank","2019","530","1"
"World Bank","2019","1303","1"
"World Bank","2019","812","1"
"World Bank","2019","822","1"
"World Bank","2019","825","1"
"World Bank","20","275","1"
"World Bank","2021","564","1"
"World Bank","2021","594","1"
"World Bank","2021","1088","1"
"World Bank","2021","1089","1"
"World Bank","2021","1090","1"
"World Bank","2021","1091","1"
"World Bank","2021","1093","1"
"World Bank","2021","1102","1"
"World Bank","2021","1103","1"
"World Bank","2021","1649","1"
"World Bank","2021","1650","1"
"World Bank","2021","1654","1"
"World Bank","2021","1655","1"
"World Bank","2021","1658","1"
"World Bank","2021","1662","1"
"World Bank","2021","1665","1"
"World Bank","2021","1666","1"
"World Bank","2021","1667","1"
"World Bank","2021","1675","1"
"World Bank","2021","1691","1"
"World Bank","2021","1703","1"
"World Bank","2021","1708","1"
"World Bank","2021","1713","1"
"World Bank","2021","1714","1"
"World Bank","2021","1724","1"
"World Bank","2021","1734","1"
"World Bank","2021","358","1"
"World Bank","2021","383","1"
"World Bank","2021","1096","1"
"World Bank","2021","1097","1"
"World Bank","2021","1269","1"
"World Bank","2021","1270","1"
"World Bank","2021","1271","1"
"World Bank","2021","1272","1"
"World Bank","2021","1277","1"
"World Bank","2021","1278","1"
"World Bank","2021","1280","1"
"World Bank","2021","1281","1"
"World Bank","2021","1286","1"
"World Bank","2021","1659","1"
"World Bank","2021","1660","1"
"World Bank","2021","1661","1"
"World Bank","2021","1662","1"
"World Bank","2021","1666","1"
"World Bank","2021","1669","1"
"World Bank","2021","1685","1"
"World Bank","2021","930","1"
"World Bank","2021","934","1"
"World Bank","2021","935","1"
"World Bank","2022","916","1"
"WWF","2007","433","1"
"WWF","2007","428","1"
"WWF","2007","439","1"
"Yadav et al.","2011","147","1"
"Yen et al.","2019","6","1"
"Yen et al.","2019","8","1"
"Yen et al.","2019","27","1"
"Yen et al.","2019","35","1"
"Yen et al.","2019","45","1"
"Yen et al.","2019","10","1"
"Yen et al.","2019","29","1"
"Yen et al.","2019","58","1"
"Yen et al.","2019","59","1"
"Yen et al.","2019","60","1"
"Yen et al.","2019","63","1"
"Yigezu et al.","2021","725","1"
"Yigezu et al.","2021","743","1"
"Yigezu et al.","2021","753","1"
"Zacharias et al.","2014","1024","1"
"Zacharias et al.","2014","1025","1"
"Zacharias et al.","2014","1026","1"
"Zahedi et al.","20","72","1"
"Zazueta-Gutiérrez et al.","2021","603","1"
"Zazueta-Gutiérrez et al.","2021","575","1"
"Zhai and Zhuang","2009","1099","1"
"Zougmore et al.","2016","1572","1"
"Zougmore et al.","2016","1592","1"
"Zougmore et al.","2016","1593","1"
"Zougmore et al.","2016","1598","1"
"Zougmore et al.","2016","1599","1"
"Zougmore et al.","2016","1606","1"
"Zougmore et al.","2016","1608","1"
"Zougmore et al.","2016","1609","1"
"Zougmore et al.","2016","1613","1"
"Zougmore et al.","2016","1614","1"
"Zougmore et al.","2016","1618","1"
"Zougmore et al.","2016","1622","1"
"Zougmore et al.","2016","1624","1"
"Zougmore et al.","2016","1627","1"
"Zougmore et al.","2016","1636","1"
"Zougmore et al.","2016","1193","1"
"Zougmore et al.","2016","1202","1"
"Zougmore et al.","2016","1210","1"
"Zougmore et al.","2016","1211","1"
"Zougmore et al.","2016","1212","1"
"Zougmore et al.","2016","1215","1"
"Zougmore et al.","2016","1232","1"
"Zougmore et al.","2016","1233","1"
"Zougmore et al.","2016","1236","1"
"Zougmore et al.","2016","1237","1"
"Zougmore et al.","2016","1238","1"
"Zougmore et al.","2016","1239","1"
"Zougmore et al.","2016","1253","1"
"Abiad et al.","20","117","1"
"ADB","2012","122","1"
"Acheampong et al.","2021","1679","1"
"Acheampong et al.","2021","1697","1"
"Acheampong et al.","2021","1737","1"
"ADB","2008","112","1"
"ADB","2014","991","1"
"Akam and Gruere","2018","21","1"
"Yen et al.","2019","21","1"
"Akhmouch","2012","390","1"
"Al-Alaween et al.","2016","914","1"
"Al-Riffai and Breisinger","2012","886","1"
"Al-Riffai and Breisinger","2012","887","1"
"Al-Riffai and Breisinger","2012","892","1"
"Al-Riffai and Breisinger","2012","893","1"
"Al-Riffai and Breisinger","2012","896","1"
"Al-Riffai and Breisinger","2012","898","1"
"Al-Riffai and Breisinger","2012","911","1"
"Aman et al.","2021","1118",
"Anna  R. Rios et al.","2021","319",
"Antonio","2018","241","1"
"Antonio","2018","274","1"
"Antonio","2018","246","1"
"Antonio","2018","255","1"
"Antonio","2018","256","1"
"Antonio","2018","257","1"
"Antonio","2018","258","1"
"Antonio","2018","259","1"
"Antonio","2018","260","1"
"Argaw","2012","1389",
"Aryal et al.","2019","1024","1"
"Aryal et al.","2019","1030","1"
"Aryal et al.","2019","1032","1"
"Aryal et al.","2019","1033","1"
"Aryal et al.","2019","1034","1"
"Aryal et al.","2019","1035","1"
"Aryal et al.","2019","1042","1"
"Aryal et al.","2019","1043","1"
"Aryal et al.","2019","1044","1"
"Aryal et al.","2019","1049","1"
"Aryal et al.","2019","1082","1"
"Aryal et al.","20","994","1"
"Aryal et al.",,"973",
"Aryal et al.",,"973",
"Aryal et al.",,"981",
"Aryal et al.",,"981",
"Aryal et al.","20","983","1"
"Banerjee et al.","2021","585","1"
"Bijarniya","20","1045",
"Bijarniya","20","1047",
"Bijarniya","20","1066",
"Bijarniya","20","1068",
"Bijarniya","20","1077",
"Bijarniya","20","1079",
"Bijarniya","20","1080",
"Brescian et al.","2019","116","1"
"Brescian et al.","2019","126","1"
"Brescian et al.","2019","127","1"
"Brescian et al.","2019","142","1"
"Brescian et al.","2019","144","1"
"Brescian et al.","2019","145","1"
"CCAFS","2016","45","1"
"CCAFS","2016","6","1"
"CCAFS","2016","28","1"
"CCAFS","2016","57","1"
"CCAFS","2016","61","1"
"CCAFS","2016","62","1"
"CCAFS","2016","64","1"
"CCFAS","2013","1355",
"CCFAS","2016","6",
"CCFAS","2016","35",
"CEPAL","2012","322","1"
"Cheserek et al.","2015","1474","1"
"UNIDO","2017","1474","1"
"Cheserek et al.","2015","1475","1"
"UNIDO","2017","1475","1"
"CIAT and BFS/USAID","2016","1264",
"CIAT and BFS/USAID","2016","1265",
"CIAT and World Bank",,"1352",
"CIAT and World bank",,"1395",
"CIAT and World bank",,"1421",
"CIAT and World bank",,"1422",
"CIAT",,"297",
"D.Princess Akinyi et al.",,"1326",
"Daniel F. Runde  et al .","2021","1302",
"Daniel F. Runde  et al .","2021","1337",
"Dinh & Dang","2022","5",
"Dinh & Dang","2022","22",
"Dinh & Dang","2022 ","3",
"Dixon  et al.","20","762",
"Dixon et al",,"1704",
"Dixon et al.","2001","980","1"
"Dixon et al.","2001","350","1"
"Dixon et al.","2001","375","1"
"Dixon et al.","2001","326","1"
"Dixon et al.","2001","329","1"
"Dixon et al.","2001","330","1"
"Dixon et al.","2001","332","1"
"Dixon et al.","2001","348","1"
"Dixon et al.","2001","349","1"
"Dixon et al.","2001","351","1"
"Dixon et al.","2001","352","1"
"Dixon et al.","2001","354","1"
"Dixon et al.","2001","359","1"
"Dixon et al.","2001","362","1"
"Dixon et al.","2001","368","1"
"Dixon et al.","2001","371","1"
"Dixon et al.","2001","376","1"
"Dixon et al.","2001","377","1"
"Dixon et al.","2001","378","1"
"Dixon et al.","2001","380","1"
"Dixon et al.","2001","382","1"
"Dixon et al.","2001","389","1"
"Dixon et al.","2001","391","1"
"Dixon et al.","2001","394","1"
"Dixon et al.","2001","398","1"
"Dixon et al.","2001","405","1"
"Dixon et al.","2001","406","1"
"Dixon et al.","2001","412","1"
"Dixon et al.","2001","413","1"
"Dixon et al.","2001","414","1"
"Dixon et al.","2001","415","1"
"Dixon et al.","2001","416","1"
"Dixon et al.","2001","417","1"
"Dixon et al.","2001","418","1"
"Dixon et al.","2001","419","1"
"Dixon et al.","20","808","1"
"Dixon et al.","20","1167","1"
"Dixon et al.","20","1168","1"
"Dixon et al.","20","1194","1"
"Dixon et al.","20","1195","1"
"Dixon et al.","20","1198","1"
"Dixon et al.","20","1214","1"
"Dixon et al.","20","1219","1"
"Dixon et al.","20","1225","1"
"Dixon et at.","20","1663",
"Dwarakish et al.","2009","932","1"
"D’Alessandro et al.","2015","1231",
"D’Alessandro et al.","2015","1234",
"EcoMENA","2021","888",
"EcoMENA","2021","901",
"EcoMENA","2021","902",
"Atake et al.","2018","1296",
"Atake et al.","2018","1313",
"ESCWA et al.","2017","786",
"ESCWA et al.","2017","790",
"ESCWA et al.","2017","765",
"ESCWA et al.","2017","766",
"ESCWA et al.","2017","776",
"ESCWA et al.","2017","786",
"ESCWA et al.","2017","788",
"ESCWA et al.","2017","789",
"ESCWA et al.","2017","790",
"ESCWA et al.","2017","802",
"ESCWA et al.","2017","848",
"ESCWA et al.","2017","849",
"ESCWA et al.","2017","854",
"ESCWA et al.","2017","865",
"Eslami et al.","2019","2",
"Evan","2009","857",
"Fall","2022","1586",
"Fall","2022","1169",
"Fall","2022","1177",
"Fall","2022","1184",
"FAO et al.","2017","830",
"FAO","2014","1335","1"
"FAO","2015 ","1435",
"Cheserek et al.","2015","1435","1"
"FAO","2016","374","1"
"Ferrise et al.","2013","857","1"
"Ferrise et al.","2013","858","1"
"Fiebig-Wittmaack et al.","2011","479","1"
"Fiebig-Wittmaack et al.","2011","487","1"
"Fiebig-Wittmaack et al.","2011","488","1"
"Fiebig-Wittmaack et al.","2011","505","1"
"Fiebig-Wittmaack et al.","2011","506","1"
"Fiebig-Wittmaack et al.","2011","507","1"
"Fiebig-Wittmaack et al.","2011","508","1"
"Fiebig-Wittmaack et al.","2011","536","1"
"Filho et al.","20","1574","1"
"Filho et al.","20","1572","1"
"Filho et al.","20","1577","1"
"Filho et al.","20","1578","1"
"Filho et al.","20","1579","1"
"Filho et al.","20","1580","1"
"Filho et al.","20","1582","1"
"Filho et al.","20","1583","1"
"Filho et al.","20","1585","1"
"Filho et al.","20","1587","1"
"Filho et al.","20","1592","1"
"Filho et al.","20","1593","1"
"Filho et al.","20","1170","1"
"Filho et al.","20","1172","1"
"Filho et al.","20","1175","1"
"Funk et al.","2012","1570",
"Funk et al.","2012","1572",
"Funk et al.","2012","1573",
"Funk et al.","2012","1574",
"Gardner et al.","2016","441",
"Gardner et al.","2016","443",
"Gardner et al.","2016","445",
"Gardner et al.","2016","456",
"Gardner et al.","2016","459",
"Gardner et al.","2016","472",
"Gardner et al.","2016","473",
"Gebre et al.","2015","1374",
"Gebre et al.","2015","1375",
"Gebre et al.","2015","1376",
"Gebre et al.","2015","1394",
"GIZ Deutsche Gesellschaft für Internationale Zusammenarbeit GmbH Website",,"553",
"GIZ","2019","992",
"GIZ","2019","1004",
"GIZ","2019","1016",
"Hiwasaki et al.","2016 ","211",
"Hughes","2014 ","1185",
"IFAD","2017","133","1"
"IFAD","2021","370","1"
"IICA","20","273",
"IMF","2021","1289","1"
"J Dixon et al.","2001","312",
"J Dixon et al.","2001","313",
"J.Dixon et al.","2001","94",
"World Bank","2021","94","1"
"Jorisch D et al.",,"305",
"Kabed",,"1195",
"Kabed",,"1225",
"Kamunya","2022","1441",
"Kamunya","2022","1436",
"Kamunya","2022","1437",
"Kamunya","2022","1438",
"Kamunya","2022","1480",
"Kamunya","2022","1481",
"Kamunya","2022","1482",
"Kamunya","2022","1483",
"Kamunya","2022","1492",
"Kandji et al.","2006","1162","1"
"Kirby","2022","1162","1"
"Kaspersen and Foyn","20","1460","1"
"Landicho","2019","184",
"Lewis.","2018","830",
"Mapplecroft","2014","269",
"Mapplecroft","2014","270",
"Mapplecroft","2014","270",
"Mapplecroft","2014","271",
"Mapplecroft","2014","281",
"Mapplecroft","2014","284",
"Mapplecroft","2014","284",
"Mapplecroft","2014","285",
"Marquardt et al.","2019","440",
"Marquardt et al.","2019","442",
"Marquardt et al.","2019","446",
"Marquardt et al.","2019","447",
"Marquardt et al.","2019","461",
"Marquardt et al.","2019","467",
"Marquardt et al.","2019","448",
"Marquardt et al.","2019","468",
"Marty","2015","845",
"Mendoza-Espinosa and Daessle","2018","572",
"Mendoza-Espinosa and Daessle","2018","573",
"Meza.","2012","594",
"Michel","2018","773",
"Mortimore & Adams","2008","1598",
"Mougou et al.","20","858",
"Emife and Emeka","20","1288",
"Namdar et al.","2021","777",
"Namdar et al.","2021","805",
"Namdar et al.","2021","806",
"Namdar et al.","2021","809",
"Namdar et al.","2021","817",
"Namdar et al.","2021","827",
"Namdar et al.","2021","836",
"Nandan et al.","2019","1145",
"Nandan et al.","2019","1118",
"Ngigi Stephen and Denning  G.","2011","1324",
"Nigatu A. et al.","2019","1347",
"Ochoa-Noriega et al.","20","562",
"Ochoa-Noriega et al.","20","563",
"Ochoa-Noriega et al.","20","573",
"Ochoa-Noriega et al.","20","580",
"Ochoa-Noriega et al.","20","594",
"Ochoa-Noriega et al.","20","598",
"Ochoa-Noriega et al.","20","600",
"OECD","2018","803",
"OECD","2018","840",
"Oteng-Darko P.","2022","1668",
"Peyton Fleming","2019","1290",
"Portugal","2019","594",
"Portugal","2019","598",
"Reeves et al.","2016","676",
"Reserve Bank of India","2018","963",
"Reserve Bank of India","2018","982",
"RICCAR",,"763",
"Ridley","20","1441",
"S Alobo Loison ","2015","1322",
"S.Zingore et al.","2015","1275",
"Second National Communication","2012","992",
"Second National Communication","2012","940",
"Second National Communication","2012","969",
"Second National Communication","2012","993",
"Second National Communication","2012","1017",
"Smajgl et al","2015","6",
"Smajgl et al.","2015","2",
"Smith et al.","2021","1145",
"Thierfelder","2021","358","1"
"Thierfelder","2021","383","1"
"Thierfelder","2021","1501","1"
"Thierfelder","2021","1502","1"
"Thierfelder","2021","1503","1"
"Thierfelder","2021","1504","1"
"Thierfelder","2021","1505","1"
"Thierfelder","2021","1507","1"
"Thierfelder","2021","1508","1"
"Thierfelder","2021","1509","1"
"Thierfelder","2021","1510","1"
"Thierfelder","2021","1511","1"
"Thierfelder","2021","1512","1"
"Thierfelder","2021","1513","1"
"Thierfelder","2021","1514","1"
"Thierfelder","2021","1515","1"
"Thierfelder","2021","1516","1"
"Thierfelder","2021","1517","1"
"Thierfelder","2021","1519","1"
"Thierfelder","2021","1521","1"
"Thierfelder","2021","1526","1"
"Thierfelder","2021","1527","1"
"Thierfelder","2021","1528","1"
"Thierfelder","2021","1529","1"
"Thierfelder","2021","1530","1"
"Thierfelder","2021","1534","1"
"Thierfelder","2021","1535","1"
"Thierfelder","2021","1536","1"
"Thierfelder","2021","1537","1"
"Thierfelder","2021","1538","1"
"Thierfelder","2021","1539","1"
"Thierfelder","2021","1540","1"
"Thierfelder","2021","1541","1"
"Thierfelder","2021","1542","1"
"Thierfelder","2021","1544","1"
"Thierfelder","2021","1545","1"
"Thierfelder","2021","1546","1"
"Thierfelder","2021","1549","1"
"Thierfelder","2021","1550","1"
"Thierfelder","2021","1553","1"
"Thierfelder","2021","1561","1"
"Thierfelder","2021","1562","1"
"Thierfelder","2021","1563","1"
"Thierfelder","2021","1547","1"
"Thierfelder","2021","1548","1"
"Thierfelder","2021","1551","1"
"Thierfelder","2021","1558","1"
"Thierfelder","2021","1559","1"
"Thierfelder","2021","1506","1"
"Haarhoff et al.","20","1506","1"
"Thierfelder","2021","1543",
"Msowoya et al.","2016","1543","1"
"Thornton & Herrero","2015","1404",
"Le Toan et al.","2021","27","1"
"Le Toan et al.","2021","24","1"
"Le Toan et al.","2021","9","1"
"Le Toan et al.","2021","20","1"
"Le Toan et al.","2021","56","1"
"Le Toan et al.","2021","3","1"
"Le Toan et al.","2021","4","1"
"Le Toan et al.","2021","7","1"
"Le Toan et al.","2021","8","1"
"Le Toan et al.","2021","10","1"
"Le Toan et al.","2021","34","1"
"Le Toan et al.","2021","45","1"
"Trillion Trees website",,"535",
"Turner et al.","2011","1592",
"Turner et al.","2011","1593",
"UDAID","2017","925",
"UDAID","2017","928",
"UN","2009","1323","1"
"UNEP","2019","535",
"USGS and USAID","2012","1163","1"
"USGS and USAID","2012","1164","1"
"Venus et al.","2022","1039",
"Verner","2012","881","1"
"Verner","2012","907","1"
"Verner","2012","910","1"
"WHO","20","1343",
"WHO","20","1344",
"WHO","20","1345",
"WHO","20","1349",
"Wold Bank Climate Change Knowledge Portal",,"925",
"Wold Bank Climate Change Knowledge Portal",,"927",
"Wold Bank Climate Change Knowledge Portal",,"928",
"Wold Bank","2014","482",
"World Agroforesty",,"829",
"World Bank",,"297",
"World Bank and USAID","2017","387",
"World Bank and USAID","2017","393",
"World Bank Climate Change Knowledge Portal",,"929",
"World Bank","2021","1009","1"
"World Bank","2017",,
"World Bank","2017",,
"World Bank","2017",,
"World Bank","2017",,
"World Meteorological Organization (WMO)","20","240","1"
"World Meteorological Organization (WMO)","2021","243","1"
"World Meteorological Organization (WMO)","2021","314","1"
"World Meteorological Organization (WMO)","2021","233","1"
"World Meteorological Organization (WMO)","2021","234","1"
"World Meteorological Organization (WMO)","2021","236","1"
"World Meteorological Organization (WMO)","2021","237","1"
"World Meteorological Organization (WMO)","2021","238","1"
"World Meteorological Organization (WMO)","2021","248","1"
"World Meteorological Organization (WMO)","2021","251","1"
"World Meteorological Organization (WMO)","2021","255","1"
"World Meteorological Organization (WMO)","2021","258","1"
"World Meteorological Organization (WMO)","2021","287","1"
"Zougmore et al.","2016","1185","1"
"Kabede et al.","2021","1185","1"